node_a,node_b,latency_ms,bandwidth_mbps,packet_loss_rate,jitter_ms,connected
0,1,21.854305348131312,100,0.002026485043181491,1.5127241738646855,True
0,2,25.062473878411602,10000,0.0005983876860868068,2.0112308644799395,True
0,3,36.86326600082205,1000,0.0005806520264207263,1.280129748994866,True
0,4,5.0350444628456446,100,0.009609782860413562,0.9458564223967469,False
0,5,6.037809126863709,10000,0.009463708738997987,0.15023452872733867,False
0,6,21.486282948216125,1000,0.0009497731319666444,0.9633456769068319,True
0,7,49.24538986130547,100,0.0004756384975640855,0.9353330206496101,False
0,8,7.927321684337578,100,0.03370630342461173,1.6523315728128767,True
0,9,9.395245130287275,10000,0.011496851404879344,0.9415999701070139,True
0,10,12.801409407849743,100,0.0029945777684068607,1.0862557985649803,True
0,11,28.403060953001486,1000,0.00838636245624803,0.03181403459662207,True
0,12,25.238936001639455,1000,0.022521519975341967,0.911054412383275,True
0,13,8.982162592336378,10000,0.007357087289475477,3.248614270240346,True
0,14,38.62940495618214,10000,0.01764557865240934,0.44122699952987016,False
0,15,29.42132374212118,100,0.0035136550073128344,0.1806432927428257,False
0,16,24.053066631786635,100,0.0022153944050588596,0.005537420375935475,True
0,17,36.80858047314277,10000,0.015614840051214402,0.9313027879935729,True
0,18,34.298466147587504,10000,0.01897377203229012,0.5968387249046296,False
0,19,21.686821348921985,1000,0.003933142131841314,1.3078757839577408,True
0,20,44.924573415934695,100,0.004827677446825112,3.565320964602151,True
0,21,37.477828452419296,10000,0.014738899667213645,0.6808147315102779,True
0,22,24.239345826134734,1000,0.005786343784991431,0.22529486665375442,True
0,23,26.391660043195028,100,0.007104371771341901,2.3812655298459755,False
0,24,23.46723153660334,10000,0.0022697742213232475,2.8621383676481322,True
0,25,36.2653219867867,1000,0.009791081965694842,0.3504567255332862,False
0,26,25.54405567173096,1000,0.02147979593060577,0.3920727193329705,False
0,27,21.03340271346387,1000,0.0011659216012385083,0.25868674613938136,True
0,28,41.81066446651219,100,0.0036352874647320793,0.17991148711793528,True
0,29,26.817348711154246,100,0.0012768039154564682,0.41190857986243246,True
0,30,19.544131940933987,100,0.005172397689144864,0.06709351259978942,False
0,31,16.109422827737056,10000,0.006876592784638472,0.3579304600790468,False
0,32,6.659912630953976,100,0.03755658599101897,0.5293919382528866,False
0,33,20.528206161200735,100,0.0027386055214207706,0.15653086098546976,True
0,34,49.35427043497703,10000,0.011151550102972934,1.4338876262394629,False
0,35,37.76973568753368,100,0.010005037477317713,1.0038378271376383,True
0,36,9.063039652448374,100,0.0016336345538048352,0.7096806618926841,True
0,37,43.62614621661739,10000,0.002487704424002072,1.241846138054486,True
0,38,20.689969428127824,10000,0.0019160422253913375,1.174212527567719,True
0,39,47.152849493153056,100,0.011260557913853867,1.328841330037892,False
0,40,29.365158822240463,1000,0.0029832737006148893,1.0787627390439145,True
0,41,29.984036521975806,100,0.0027687704543790316,0.09772614047494073,True
0,42,45.51881257234987,10000,0.002091261412876628,0.3269377284767161,True
0,43,43.09975140072377,1000,0.015135621919309034,1.027310693567705,False
0,44,12.27329213425762,1000,0.011056014199875817,0.8691367184135392,True
0,45,47.30600491060003,100,5.0744370517970025e-05,0.17531581610419905,True
0,46,36.135283896171195,100,0.002539498673080245,1.2454172888985389,False
0,47,19.642986417167048,10000,0.01276328195078743,0.3682571767211329,True
0,48,27.8966334577442,1000,0.0030816014785883116,0.27970020366242127,True
0,49,22.689397610004217,1000,0.023655119825057202,0.5698582024805622,True
1,2,34.029651291375416,10000,0.006782934333416935,0.2172148953252385,True
1,3,17.63475630983851,10000,0.014634087558173301,0.04458298710548632,True
1,4,26.147503129592433,1000,0.024635098846338414,0.4622873964973667,False
1,5,46.77433531644764,100,0.008046710212907298,0.8493156561671791,True
1,6,8.39058152027577,100,0.004862919320986936,1.9047266524780797,True
1,7,12.627173600874162,100,0.005020169787271848,1.8592664926604465,True
1,8,8.168725888229476,1000,0.009545307155177178,4.610569747846317,False
1,9,28.324834356368154,1000,0.003894206578010433,1.8882910411309746,False
1,10,36.900994860955336,10000,0.0034756208426709517,1.6573745072597124,True
1,11,44.01825433610467,100,0.0008511591676469956,0.005198350817616321,True
1,12,13.7423279080419,1000,0.01588619474954205,2.207323476346767,True
1,13,21.901232868797482,1000,0.005770974204124458,1.1148213545507222,True
1,14,11.976872752748488,1000,0.003376306603145225,0.8936325301461753,False
1,15,6.6806684937146485,1000,0.0036135088007032646,0.7702062692473535,True
1,16,42.25410517044149,100,0.006111344054158148,1.8453063010003181,False
1,17,23.510925727550536,10000,0.010145374482046159,1.2949605629166843,True
1,18,28.23351567355379,1000,0.0004193460988043928,0.5088623879165827,True
1,19,38.48191893496019,1000,0.0002567760954147438,3.287379923268602,True
1,20,36.31883927421641,100,0.0005995554092870285,2.467621631676389,True
1,21,15.790431162083145,1000,0.012538492877767758,1.0793903496967985,False
1,22,47.96893762984374,10000,0.01070349457388161,0.5721212287167011,True
1,23,7.147225746124196,1000,0.004400141293231124,1.4181818477567132,False
1,24,10.223268822811232,100,0.0009888926418783269,0.373114056454012,True
1,25,12.889862145020235,1000,0.01441233971049255,1.644614295590405,True
1,26,25.910321582282513,100,0.005083366145832069,0.9567224329131345,True
1,27,7.038680439742003,10000,0.00015422863575188878,2.709596016451607,True
1,28,29.271985178002815,100,0.0017785286876730734,0.07318243625624084,True
1,29,6.193008974372981,10000,0.01614195686122846,1.1306242754712317,True
1,30,10.782515895525957,100,0.007888143605763202,2.838127146232999,True
1,31,48.25357537207614,1000,0.002315341035990733,0.3201517219559482,False
1,32,21.976658745258913,100,0.0009920501165575414,1.1488748725771671,False
1,33,19.35390336321926,1000,0.011444897561243587,0.4164622093726905,False
1,34,27.32168544320328,1000,0.011931554084399134,0.9913991764332203,True
1,35,38.07819697117486,100,0.03428996774548101,0.7940108958812226,True
1,36,30.583412768748126,10000,0.04657004890140231,0.532079354152605,True
1,37,39.938583233389856,10000,0.026701379243993264,1.9548391571662491,True
1,38,38.78919805061738,100,0.0027211868261923073,0.4743794068939338,True
1,39,27.345253580738497,100,0.003857354261645083,2.258790514545926,True
1,40,5.487694316613426,100,0.01878253377844128,0.43835798145789534,True
1,41,35.454645699093646,10000,0.0067929488371651385,0.08695800880856518,False
1,42,32.109841665550356,10000,0.0023918134067081936,2.9223803835325888,True
1,43,10.105907090785161,100,0.006820495965733559,0.05928170644873779,True
1,44,24.868872561801965,10000,0.00789472569878081,1.2236024917646364,True
1,45,35.96135045787676,1000,0.00962905679748035,0.10660871224538544,False
1,46,36.543610915660395,1000,0.005052604745654999,2.224669958786318,False
1,47,28.09967759115768,1000,0.04315458562058092,0.4688375825522896,True
1,48,41.575980526587614,10000,0.023826429528916282,0.8962154427861401,True
1,49,36.86815380124399,10000,0.015012425404546257,0.817360407561493,True
2,3,45.78594732926312,10000,0.005699598314162564,0.29260372912327964,True
2,4,30.716286134225477,100,0.017304217946449173,1.3634049614125026,True
2,5,15.687791208161148,100,0.004697965779202672,0.3364691574205587,True
2,6,15.061812733375369,1000,0.01620040163325974,3.8122079312905304,True
2,7,19.520887472491268,1000,0.02585522840555602,2.514735729395412,False
2,8,36.29350053979914,100,0.00740443933181044,0.9926282903811874,True
2,9,25.454347914549796,100,0.011937751636729083,0.4848360174799527,True
2,10,46.186445375109784,1000,0.030039960058609313,2.209675828453486,True
2,11,32.90596690106915,1000,0.002084041614360645,0.6230585988040988,True
2,12,31.264525033289242,100,0.036649601225225675,4.2838655755525386,True
2,13,29.12433648548542,100,0.005296801261573896,0.9232697336099736,False
2,14,10.993330635068737,10000,0.017289945113672715,2.991738525033436,True
2,15,32.60368381711054,1000,0.0008637349324651873,2.092822556887118,True
2,16,12.417541751165043,100,0.015032879852520721,0.6546384166792495,True
2,17,21.953253647207333,1000,0.004794736997580961,3.5037085543759625,True
2,18,42.724791712001206,1000,0.00037516907795756137,0.14369962148846896,False
2,19,8.391157715860803,100,0.007643130005392462,1.3859374227098722,True
2,20,31.331728954646238,100,0.02896171682874436,1.8947720147092457,False
2,21,25.27448608895421,1000,0.002896071769593518,0.32121375739991664,False
2,22,44.51993003656365,1000,0.004434204622971061,0.12053912139846927,True
2,23,28.413846540670697,1000,0.017800571496226707,0.3678474673203771,True
2,24,48.558819444792036,1000,0.020927586432297716,0.516647313988117,False
2,25,6.295220434100254,10000,0.015355754815931882,1.0198788108214845,True
2,26,45.64179764044818,1000,0.004316872615150693,0.8913973756649446,True
2,27,24.686371491067806,10000,0.012960772477159035,0.7928488640950594,True
2,28,45.97120752814729,1000,0.009730904753530854,1.9831406436843066,True
2,29,11.618306641806708,100,0.006775027809955306,0.29873545435139576,True
2,30,49.101465887846466,100,0.004268114408896619,0.23462267391081051,True
2,31,20.370344470544527,10000,0.0013797521971241585,0.13701842406700712,False
2,32,11.247222769223455,100,0.02270974125128358,0.6423811416465937,True
2,33,12.754394204073343,1000,0.002534082750140752,1.7247962223653188,True
2,34,20.642864651720757,1000,0.0009288590786036757,0.12855621349335253,True
2,35,14.285017328260663,1000,0.001378244785155712,0.40062610495699147,True
2,36,9.153076380293573,10000,0.009885936903672964,0.08529543037633426,True
2,37,46.43925802393159,100,2.5983972958790336e-05,2.0272370760054117,False
2,38,31.877513701494376,10000,0.00769144481575444,2.5775715516452458,False
2,39,39.19799340219135,1000,0.006208911092209176,1.3762289403898424,False
2,40,16.359662495480933,10000,0.011620809995474546,1.8607280936537252,True
2,41,6.371246873011737,1000,0.005931432460835509,0.7606067990552899,False
2,42,17.115945392722143,100,0.002012400423132632,0.830032974661087,True
2,43,9.014194792042527,1000,0.0012756310328478127,2.2120798999430247,True
2,44,35.55960436150203,10000,0.010464644543348355,0.6531231396881999,True
2,45,38.15701139277108,10000,0.013682166488084093,0.5650346493829821,False
2,46,17.769915760942602,1000,0.022990652663084782,0.9353594453995536,False
2,47,27.421146403202307,1000,0.009308330084672092,0.27079452875679993,False
2,48,11.87866126329494,10000,0.0066905924012984576,1.9025850098761952,False
2,49,41.26391990335146,10000,0.018471497889623475,0.05301633362482794,False
3,4,36.36326580648897,10000,0.02269249576901818,0.8580180921667171,True
3,5,5.2385002878922435,1000,0.0029827508353350465,0.18739953278648752,True
3,6,46.82191951074136,10000,0.007657968701599119,0.6474465156516241,True
3,7,14.22849020672566,1000,0.0039108781311923265,0.5541445500698305,True
3,8,15.908437958678611,10000,0.012283682878487065,1.4600679338681706,False
3,9,27.774678036170616,10000,0.006561213780285275,0.7605472481290778,False
3,10,20.147192518726428,1000,0.007954083218847484,0.7961149608468396,False
3,11,35.8057196545925,100,0.0014945728009474605,0.0027145805564561002,False
3,12,26.29247904733515,1000,0.0053075781350537775,0.4290433017039748,True
3,13,42.377873350447814,1000,0.0013272854183610555,1.3125513634605075,True
3,14,13.155487977454706,10000,0.026097819949798273,1.2786839610557958,False
3,15,40.16815167881367,10000,0.01586050111031868,0.22517977306702294,False
3,16,12.391960906894681,100,0.002687840974523461,1.0044625010953596,True
3,17,19.228846203342258,1000,0.00498312749697445,1.6960826628480696,True
3,18,21.96249932412084,10000,0.009784362363795741,0.7760529503689008,True
3,19,30.986882190775656,100,0.022983398495505836,0.4843317423587113,True
3,20,45.79124499340461,10000,0.007827422063632333,0.5648034712147078,True
3,21,37.87471115641856,1000,0.001499768206164258,1.580001395680267,True
3,22,29.00574913893447,10000,0.008513246051199028,6.071640830701141,True
3,23,36.814120755955656,10000,0.013623680618684115,0.03410753985783793,True
3,24,39.31064085833108,10000,0.014050095706584019,0.1086058100940562,True
3,25,22.046970450061206,100,0.0013637963052807085,0.5063146312098643,True
3,26,11.746284230694819,10000,0.005258634219570002,1.4778921549962853,False
3,27,31.929921554235214,1000,0.0029008369925940993,0.4241831937932634,False
3,28,45.88027526001328,1000,0.0025793038658692463,0.5509479714650671,False
3,29,32.672761841869445,1000,0.00882444609108554,0.7049944407931773,True
3,30,5.814958271937823,10000,0.02689988536691252,0.8327154639433977,True
3,31,46.512472152978305,10000,0.001655105091241217,0.8587021498525602,True
3,32,24.08588020860737,100,0.0011009053575487186,1.8353329454824552,True
3,33,10.526485183058021,100,0.041891739891207064,1.8257181108184428,False
3,34,46.437884717781756,10000,0.0037315901136028046,0.25798816073225367,True
3,35,22.068756427349697,100,0.0040826488630074115,1.6238079110661787,False
3,36,20.007462726101487,10000,0.005352969255286074,1.9915635714523001,True
3,37,25.956505504346595,10000,0.013375089516655655,0.6018777734923394,False
3,38,25.3597782259712,10000,0.002853201210659368,0.8618781983425805,False
3,39,6.524562211096774,100,0.004500345830397282,0.868902383785272,True
3,40,5.5892505464750135,100,0.0072396456023593935,3.7107699393258198,True
3,41,30.078741600052155,1000,0.0008921343765050313,5.768081615150759,True
3,42,31.79232577940197,100,0.005063657761169201,0.5565012275572904,True
3,43,20.722414957219986,1000,0.0021157042980881587,0.03723434185767217,True
3,44,30.41785099681774,1000,0.0034820332850701652,1.2519704818602682,True
3,45,29.05051510657611,100,0.005120982012749214,0.8201634571378748,False
3,46,13.1867658722872,100,0.00078505866673085,1.3993642846660832,False
3,47,45.38436844184979,1000,0.0052548956760724635,0.02571414873264703,False
3,48,37.21875029813289,100,0.0052422245417900375,0.8023430311863089,False
3,49,13.825089486205377,10000,0.00019907381292139404,0.10993605860137282,True
4,5,13.034509792445013,100,0.008135572295588464,1.2758738157503222,True
4,6,49.49279518799492,1000,0.017732509999755643,0.5061424894750884,True
4,7,14.224293293711943,10000,0.003915475005425194,0.09093727136576285,True
4,8,38.115707593820105,100,0.0002689053522431689,0.20020300329027277,True
4,9,23.964104776662406,1000,0.024149031288307206,0.9801928450109335,True
4,10,42.12982991401969,10000,0.008923177501433052,0.31206170981527287,True
4,11,23.42352434860582,1000,0.0045060562445066385,1.9737708179595017,False
4,12,48.85462693394915,100,0.02028504927719324,0.6683203296619165,True
4,13,40.99348651762919,100,0.006631581158467036,0.7183781325869315,True
4,14,36.4480633922407,100,0.002982546799289389,0.15007441883071554,True
4,15,49.29809813165985,1000,0.02308324544544276,1.175132245751393,True
4,16,42.016274416025325,100,0.016876937047722026,0.6893359595202501,False
4,17,23.236163961245992,1000,0.0177043919242236,0.23120252750453585,False
4,18,11.159853353096327,100,0.003099254910414207,1.317457261345222,False
4,19,33.48941285108514,100,0.0019282202863855217,2.4582095607713015,True
4,20,22.241233771227385,1000,0.005482437990217899,0.4367566875284749,True
4,21,13.296691430553345,100,0.009242022189851156,0.2815000336004408,True
4,22,17.991218154681494,100,0.01278455219832944,0.9426466862587026,True
4,23,22.849221787342444,1000,0.0014502724883887065,0.66117370750315,False
4,24,29.292925050868703,10000,0.009040606518730973,0.05279527809977468,True
4,25,31.857928201260016,1000,0.009763925787026305,0.6429053252715057,True
4,26,20.819307251039845,100,0.006841702266630686,1.166042655733141,True
4,27,16.088091495759805,10000,0.0008095558030053041,0.0023421312751622132,True
4,28,5.236421835127321,10000,0.003777476459321444,1.6472968626547009,True
4,29,40.55061014563353,100,0.0059060101279087215,0.20473028191346582,True
4,30,44.282562614438376,10000,0.016427938260737573,1.0752377151704027,True
4,31,43.213804320439365,100,0.02336801997519503,1.0403384346615443,True
4,32,7.32181129964195,1000,0.00040225101205379086,1.222731563195729,True
4,33,13.12589053073001,100,0.006409535159818456,0.37520973761243326,False
4,34,37.89606521562267,10000,0.025822486713556757,3.5424699226222534,True
4,35,26.33963974958587,1000,0.000564461418974074,0.6072331613468016,True
4,36,34.004599278162,1000,0.00907008640287807,0.2613762411972857,False
4,37,8.462894073314413,100,0.0075558685543821325,0.5816633419154119,True
4,38,30.759249174505957,100,0.007730597925213356,1.0836897114719783,True
4,39,28.407564944542933,100,0.009567565090720861,0.2652156429658495,False
4,40,44.15444932554185,1000,2.3755178907675066e-06,0.205147591304959,True
4,41,46.966545924136376,10000,0.06182194410847326,0.4318786168482837,True
4,42,23.0868911124159,100,0.006535060305266845,0.8693050691894385,False
4,43,22.922932278903602,1000,0.005408841935911418,0.5470695758190242,True
4,44,15.744971559573605,10000,0.006298170765224025,0.35240247886530857,True
4,45,37.199899185540886,100,0.00043004780937347327,0.01803560283194906,True
4,46,24.249791018113804,100,0.004969722604888005,0.13288880746585943,True
4,47,40.90951949645225,100,0.0009366363864100695,0.5405647740333898,True
4,48,47.51294100311346,10000,0.023405358714786245,4.526812880578961,True
4,49,7.924388426730231,100,0.010488130594685601,0.935822222872194,True
5,6,15.380141527299141,1000,0.004846554228450837,0.03742354395338213,True
5,7,42.17925631072846,100,0.0005958300833276848,3.4770842165267744,True
5,8,46.74885274378458,1000,0.007445067947471698,0.3014205046176632,True
5,9,27.103385339088195,100,0.0016711288479350685,1.6919130029863152,False
5,10,15.07179266701804,10000,0.0003548745707688148,2.253047029788357,True
5,11,25.584444399816828,10000,0.003187729224821114,0.6475560866881959,False
5,12,43.34870900061535,1000,0.016581874697336123,1.06491250119862,True
5,13,8.914404196013457,10000,5.095097812126752e-05,1.189788192783863,False
5,14,28.967113373034294,100,0.0024869626118041647,1.149670127597249,False
5,15,43.30431113219459,100,0.00655055137435591,0.8974880765880748,True
5,16,20.65141435559869,1000,0.007847777360870648,1.998731096185555,True
5,17,28.45671404811867,100,0.0017119250668853217,0.17482981648834933,True
5,18,15.741051408545788,100,0.01139874291728865,0.9639364190221882,True
5,19,12.137229738188317,10000,0.03252310800534315,0.6263674392773145,True
5,20,5.231532683962165,10000,0.0025958085173962975,2.393618831783795,False
5,21,30.028178076789064,100,0.00708195305309597,0.006406348617415167,False
5,22,32.7617113269084,100,0.00820626778993154,0.12312159934067642,True
5,23,5.408258209372623,100,0.015134252301294655,0.11314701729582906,True
5,24,29.356996040424963,1000,0.0041835608998911115,1.001363697345023,True
5,25,9.612937759580566,1000,0.02943099753200413,0.18197472126707714,True
5,26,36.88574020711832,1000,0.0042446913151136115,0.9699961904748348,False
5,27,44.219156276856936,10000,0.03469835664491751,1.38490265696123,False
5,28,39.12184381680601,10000,0.000678786473659904,1.7232392148886646,True
5,29,41.845353951069214,10000,0.01149785726890819,0.5904149873957085,False
5,30,49.870602507097004,100,0.0010780084605866488,1.9255865018576586,True
5,31,42.16643446099535,10000,0.00249448529453176,0.0859730569023787,True
5,32,34.45300464265108,10000,0.020253649754348128,3.303253947557078,False
5,33,37.90715301381585,10000,0.005442571426935501,1.0175650177301028,True
5,34,17.339684105690154,10000,0.0037389666222631423,0.38675534311869925,True
5,35,38.56266554139339,10000,0.00031629049095555003,1.0545958588759896,True
5,36,43.896121242783664,10000,0.03448082341200801,0.2052121782608384,True
5,37,39.94685837562838,10000,0.006045753518183685,0.7557768979100968,False
5,38,40.85590225388124,100,0.024285569590887984,3.426861822448276,False
5,39,25.794378084454728,1000,0.0012477916417400804,0.1337437491163384,True
5,40,24.36376527047582,1000,0.0025558945060883626,0.17533657159580918,True
5,41,19.666645877843372,1000,0.01597307290031962,0.3715883971801938,True
5,42,5.522924295864529,1000,0.01140862259634493,0.5034281921551478,True
5,43,37.48494325671208,10000,0.01187384114389186,1.9669875044031022,True
5,44,6.782847140676072,1000,0.01382946527778049,0.1577328411540254,False
5,45,30.690702582987395,10000,0.006909259562090074,0.9627424349612865,True
5,46,30.184190756911136,1000,0.003952098359978602,0.7292130935726833,False
5,47,20.778211904413133,100,0.017401962785777304,0.4428576009232546,True
5,48,48.98598738416536,1000,0.01169458563158434,1.6123757191107593,False
5,49,12.53671620165814,100,0.030272224113436847,0.13264032314836988,True
6,7,31.764948681962125,100,0.0005337048567900804,0.779350888095622,True
6,8,44.19361056857385,1000,0.009816420104467816,1.529807871164624,True
6,9,26.797930140831827,10000,0.02252050318785216,0.7931716828789295,True
6,10,25.354322803323505,10000,0.0004160783038805512,0.1791260450716679,True
6,11,37.61719519433262,10000,0.01050663009009994,0.6525407521388639,True
6,12,19.8057847016598,1000,0.004108231243314294,0.20103710397885288,True
6,13,34.64184989753943,10000,0.001763464960516827,0.021081807175387872,True
6,14,19.9541581409799,100,0.0067979047341317315,0.08504221475636724,True
6,15,14.925250621504548,1000,0.00031132116523619477,0.29797875313889655,True
6,16,44.072262743377124,10000,0.005376956891212676,1.87239675175001,True
6,17,38.09076343995887,1000,0.043940638915165045,0.04093574204392867,True
6,18,31.040393385757703,1000,0.012919215674888705,0.666834303599214,True
6,19,45.53158388050663,1000,0.010642379313957269,4.8451186955369945,False
6,20,21.161796334980416,10000,0.009754214576995756,0.9984780002255434,True
6,21,10.920545830726692,1000,0.0019806456078014455,0.27120959168716197,True
6,22,13.14396287192704,100,0.0007163863936027915,0.5747694574395674,False
6,23,23.225935958614468,1000,0.007232298691011181,0.44508995917780786,True
6,24,12.358574266326023,10000,0.0037418166289404963,0.509236796848726,True
6,25,5.406368185829761,100,0.01484891690707165,0.14026677961013675,True
6,26,25.420529362263768,10000,0.021516653670307133,0.5834399981692919,True
6,27,25.194990822413136,1000,0.00157539076918551,0.5968081396942497,True
6,28,47.68625096831452,100,0.001827719476858468,0.1834652701307607,False
6,29,38.13809067795383,100,0.007625228223648853,1.5222988887147124,True
6,30,25.08658909306635,10000,0.020270106265290026,0.23047185037057355,False
6,31,17.138732518264533,1000,0.0013121500156484994,0.2628345611956033,False
6,32,33.800133507661116,10000,0.006018432483019309,2.7162086538759946,True
6,33,27.82556639097766,1000,0.011654185499588916,0.5064667847630503,True
6,34,35.86854811923428,1000,0.030326407986788154,1.019209613568501,True
6,35,25.46329350352366,10000,0.007375799499141426,0.41954398419104116,True
6,36,10.658368031299197,1000,0.003680680880137809,1.2196983475408394,False
6,37,35.30445949962128,1000,0.002086849373718593,1.3124101778111366,False
6,38,15.55525820006729,10000,0.0019498109905864381,1.1796898763803538,True
6,39,47.50763987633105,1000,0.00017671211057748514,0.2799087503851856,True
6,40,43.90739761797665,100,0.000308583177339052,2.672905507299173,True
6,41,35.443102359976095,10000,0.028281074590476494,1.7535328098587817,True
6,42,30.973335652028666,1000,0.010724923184658565,7.4417229097044055,False
6,43,48.97283828995928,100,0.050111760440694465,1.3960528713387261,False
6,44,17.990851798878715,10000,0.021079691009583398,0.5177500786487027,True
6,45,35.04170235036131,1000,0.02316437086285894,2.102842492962841,True
6,46,44.1005281493257,100,0.0012807096265357147,0.7863356283442829,False
6,47,19.606362345512164,1000,0.0050446703518866745,1.1889765020311442,True
6,48,25.19121301801388,100,0.007889686457384052,0.5877416808660787,False
6,49,31.417776846551792,1000,0.010288324399810953,1.4243881136909862,True
7,8,29.406364924088223,1000,0.006523543915152494,0.025976553942014473,True
7,9,22.108802845363567,1000,0.007478648520059928,0.28245530091573795,True
7,10,22.74643957182576,10000,0.016765704014851647,1.266284743831391,True
7,11,5.820466220436273,10000,0.005636325043422072,2.270256245824546,False
7,12,47.959701351498836,10000,0.0047815598386984825,0.21959252190483716,True
7,13,13.755124543338544,1000,0.006652825488994116,0.2967585630781719,False
7,14,18.828048421682894,10000,0.007598431491043595,0.8697222081565655,False
7,15,37.29361036588833,1000,0.0031831174220804605,0.5336663339591021,False
7,16,13.151720729060614,10000,0.01961948633657261,1.608343988107662,False
7,17,18.28752301491395,100,0.00837738872568147,0.29647096009248414,True
7,18,26.759554102396613,10000,0.01691454385683515,0.4676219605330337,True
7,19,10.053695498504862,100,0.009203284227538246,1.7103022147077291,True
7,20,15.263589737701961,100,0.010401714521818132,0.19209731559249169,True
7,21,45.76509971544922,100,0.0027032761460844307,1.5165192957924487,False
7,22,42.01764433311553,10000,0.011012655032053701,0.1004120172911258,True
7,23,25.32954554317531,1000,0.001660354591629848,0.26818744657269095,True
7,24,26.280138453493198,100,0.0010061021126280096,0.02392245993157399,True
7,25,32.31923162399514,10000,0.0026389666294128885,0.4957826650652052,True
7,26,27.354508648662623,1000,0.0032094969269084155,0.9089351429086922,True
7,27,24.92226350507872,100,0.012644228614190529,1.1790725753198146,True
7,28,10.777743025435635,10000,0.00924371821636266,0.41132293083286203,True
7,29,39.76802273522222,100,0.02246118512465589,0.21302903185996402,True
7,30,15.199538100214461,100,0.009601271177030874,0.5841312397818865,True
7,31,35.132117726028284,10000,0.010221186451568076,0.3162838122839483,True
7,32,35.60593689965531,100,0.006103856704223002,0.2111221769725398,False
7,33,22.03143905686411,1000,0.008159555109679813,1.3117455241928113,True
7,34,7.706405417035334,1000,0.03161203427295335,0.19273916294070353,True
7,35,14.042015989657541,1000,0.0010167448370236088,0.5985116578458807,True
7,36,20.640718590754194,10000,0.02619734692704209,0.2674116877155556,True
7,37,11.858720599868786,100,0.013362867478938022,1.4636066206123222,False
7,38,35.22012996258668,1000,0.002971228519434979,1.5507067917706916,True
7,39,32.38188856969061,1000,0.001735251833181008,0.06518836752643162,False
7,40,15.231078504324445,100,0.0044650026201951696,0.09172364057237763,True
7,41,29.921100832056933,10000,0.01744605547160897,0.3280923995957336,True
7,42,44.300149777573154,1000,0.025181570465176467,0.6870925129207895,True
7,43,43.31412309852931,1000,0.0069545584183275545,0.5061346061959382,True
7,44,33.257752374768614,1000,0.021035237682432362,2.0253829191556267,True
7,45,40.551369633817764,1000,0.0008438132920074947,0.5158049647422996,False
7,46,36.272799000610775,1000,0.031540925187223116,0.8510682937178315,True
7,47,30.882350772348122,100,0.019806065433364512,2.560801448616133,True
7,48,32.281382198793985,1000,0.017680375040002375,0.3820388304596943,True
7,49,42.134034533700564,100,0.004581294824567315,0.07060736270411021,False
8,9,11.082483011967025,100,0.007974627665581229,3.3761778318841063,True
8,10,19.03172598883668,1000,0.02088322400813993,0.32538757238626226,True
8,11,5.014962775422023,10000,0.009665002845057637,1.0503968393246197,False
8,12,7.760733219980067,10000,0.00212924018570237,0.23794676861105968,True
8,13,38.941409495473835,10000,0.011875590135001514,4.115298077656953,False
8,14,11.401221590923829,100,0.015264581716563296,0.30841200605953584,False
8,15,36.12281250061937,100,0.007121712524346369,5.712879886799935,True
8,16,32.68487472039549,100,0.009778891428190236,0.7487475558795342,True
8,17,10.881966953308975,10000,0.005974455297927822,0.21644418206141358,True
8,18,23.635838863801716,1000,0.0019466196151384666,0.4895188347192745,True
8,19,16.186111597172392,1000,0.006565147210381607,0.0193788394664463,False
8,20,39.21304204049608,1000,0.0021034437161227913,0.9648199367416967,True
8,21,42.54365146796454,100,0.03724455023142878,1.6171531579615472,True
8,22,26.95343197668631,10000,0.003090434598333463,1.0387129843131755,True
8,23,16.970867510242133,100,0.006699017356298463,0.16257618371792446,True
8,24,38.18106848245098,10000,0.0047142589642159265,0.5016615401585782,True
8,25,40.32574447266756,100,0.0014288356437609586,0.10775173864020259,True
8,26,47.42740136359678,1000,0.0057554749336489386,0.2939290402489777,True
8,27,6.7291857033046245,100,0.017437249958278597,0.6840925050644968,True
8,28,25.255599458889183,100,0.009517458641108721,0.0689772007819054,True
8,29,11.757605036766876,100,0.005856804419462843,0.049012550309207384,False
8,30,38.57932658668274,100,0.0007481442963462635,0.07392292686901208,False
8,31,48.0425629234766,100,0.0049036182862338745,0.619798092960912,True
8,32,48.68374809518016,10000,0.010828490176285033,0.20480715510999964,False
8,33,9.42780423710288,1000,0.017751056554507698,0.07118759869502653,True
8,34,8.71779485566709,100,0.0035018856530362537,1.4663040433040202,True
8,35,22.187283784380316,1000,0.00010482448794188611,0.2949262276795998,False
8,36,8.116443782863698,100,0.007556656276864724,0.04285658730910904,True
8,37,40.94213862445586,10000,0.039105405727172186,0.92100580446948,True
8,38,38.66329307432895,1000,0.0013707566198038496,0.41289389231550827,True
8,39,15.107702532973336,100,0.004715935163528028,0.7987120292215736,True
8,40,12.365771065938567,1000,0.02635509091942616,1.126957059705686,True
8,41,5.572170049410208,100,0.003367417778790184,1.6925311877747204,True
8,42,43.09314524106251,100,0.007852988279856253,1.0107958360958311,False
8,43,49.027877546026815,1000,0.013037588019347568,1.4981087538655928,True
8,44,12.984294626136808,1000,0.013991256751126094,0.31379513441563306,True
8,45,37.757622952883445,1000,0.0014125114015268525,1.294553854060387,True
8,46,14.608011483980237,10000,0.0016331466684793015,0.41913355117256756,True
8,47,39.11832549844418,100,0.00710009650068406,0.3531788500016205,True
8,48,35.99983859225408,10000,0.008607916545118752,2.096697098249519,True
8,49,12.238167828098579,1000,9.375432164456157e-05,0.2832636673578669,True
9,10,49.631447810721355,10000,0.005133192567214193,1.6097928189017483,False
9,11,29.97882271860288,1000,0.009570748371647658,0.20828540063345005,True
9,12,40.27063030184287,1000,0.018841892229087505,1.8323563658483843,True
9,13,5.496422641810961,100,0.03171836719559786,0.45877214128960336,True
9,14,11.69996226496001,10000,0.00635480442575315,0.697256037339287,False
9,15,22.341914737131283,1000,0.021732756794630142,0.8990510286786167,True
9,16,23.56798283818807,10000,3.223453352234625e-05,0.9665039188925852,True
9,17,40.73887990746879,100,0.008872229893778368,0.6557991618936114,True
9,18,7.918411751733576,1000,0.008243603206028806,0.822481893100684,True
9,19,35.4410571751863,1000,0.009216692805003725,0.02319985885157116,True
9,20,33.642079297211936,10000,0.0006033502607505761,0.4068235083602549,True
9,21,36.84564206334121,10000,0.017437162563350834,0.7345872346201837,True
9,22,10.506954079633008,100,0.0056919541721923315,0.09277387160256173,False
9,23,31.920138232868247,10000,0.01454952391408028,1.3228157641622171,False
9,24,12.806603341968076,1000,0.010110887957798544,1.5401526347430927,False
9,25,23.445720036332972,1000,0.013752341028682042,1.3470212904357957,True
9,26,14.132136540870599,100,0.038945129567244975,0.18067584488517865,True
9,27,31.361456568735587,1000,0.0031892620643003506,0.7299745937185206,False
9,28,47.330566030190326,1000,0.01915474196797085,0.25559098391349494,True
9,29,25.777976612557197,100,0.005712488895372757,2.7702441802813125,True
9,30,33.40267906805178,1000,0.013017301014514392,0.68609441459685,True
9,31,37.827870289357854,1000,0.0005898623148115014,0.2551809393840416,False
9,32,22.947621336667826,100,0.031376327859603245,0.07145090750853228,False
9,33,17.69841836119401,10000,0.0028366189629572725,2.3671724742163094,False
9,34,17.237737675788395,1000,0.005601679783713211,1.8629726083819593,False
9,35,12.037181198155158,10000,0.0006470195151063192,2.369125118145484,False
9,36,28.95893070238477,100,0.014777858366643724,0.09038937866843591,False
9,37,37.96019293271404,10000,0.03307554979468367,0.821362860280852,True
9,38,7.351604567871069,1000,0.013123785630731404,3.9790761788416824,False
9,39,34.43785706633335,1000,0.0021219211463670605,0.4128872421244458,True
9,40,47.61661944824254,100,0.002021350878928866,0.022281560818022385,True
9,41,23.809547024171795,100,0.019012354942631104,0.8237634851167945,True
9,42,10.164599234114785,1000,0.005174774923482576,0.7820785159898804,True
9,43,29.69773955240264,1000,0.0008525874546966828,0.6130441206067024,True
9,44,12.45985430734741,1000,0.010912035448297377,0.243461639248668,False
9,45,43.78941087819225,10000,0.010526073343140586,0.7884074743037924,False
9,46,28.062619194664926,10000,0.006147794951322301,0.05335497350844933,True
9,47,14.061370196118848,10000,0.020567857338514385,0.7871233205771035,True
9,48,38.934845614227385,10000,0.002292638347870884,2.1023424012654877,True
9,49,44.17602912707031,10000,0.0293065553852214,0.8213948614634605,True
10,11,30.109133245218793,1000,0.0006742758781911051,0.6234930977710629,True
10,12,29.24158090787214,10000,0.0011146097451660442,1.0693839431309624,True
10,13,22.118900337840305,10000,0.005817348986865038,0.21767014905226864,False
10,14,9.231624699541985,100,0.008617868409396448,1.006714517833276,True
10,15,22.81867126981047,1000,0.007614878374553812,0.17192161158931837,True
10,16,40.69676076972145,10000,0.00950553914376528,0.4511437781983739,True
10,17,12.598439300495876,1000,0.0015165059038050551,0.2256663163146758,False
10,18,45.229536950354166,10000,0.0037565681488133046,1.6024288949991363,True
10,19,43.559327123379234,100,0.016276198844536082,0.7036153280818361,True
10,20,23.799244067379487,10000,0.001306029969737606,1.291659129141215,True
10,21,49.86851706867478,1000,0.005577245313502253,0.1770157444826844,False
10,22,30.189005763727216,100,0.0002980391615496948,1.7313708068515454,False
10,23,22.056220679859383,10000,0.0020753099415526917,1.9531758525685583,True
10,24,29.335718974349497,10000,0.014253779097575225,4.428327498556762,True
10,25,34.325056341789164,100,0.004428527961865563,0.6816385540848643,True
10,26,20.084362131689275,1000,0.0028016366105364015,0.11984627212823057,False
10,27,37.358485130923505,10000,0.0015311853406083514,0.42762086155605616,True
10,28,38.69718516334879,100,0.0057182455779190774,0.8609736543464369,True
10,29,41.278814645170584,1000,0.03868242416594891,1.0055103770097726,False
10,30,35.42799029339453,1000,0.003782190587232693,0.0038244379732470216,True
10,31,12.520940516204956,100,0.01814257412112832,0.3274991393787473,True
10,32,36.236775807942394,100,0.0024274678120032255,0.44687762059100467,False
10,33,39.34198810665002,100,0.0105889974609222,2.785549445909374,True
10,34,39.472914944088615,10000,0.0006091192129112098,2.2911248944486298,True
10,35,44.34020258622582,10000,0.008219824878863803,0.11764619788426466,True
10,36,25.716122204086684,100,0.007910868989857643,0.4786820564475785,True
10,37,9.982426699684204,100,0.00042933258306881414,1.3467049496631458,True
10,38,17.601679829772024,100,0.0034561946791829934,2.416539784613971,True
10,39,41.220804957864736,100,0.032917249724363974,1.297079052164683,True
10,40,42.32275991864811,10000,0.020616317974144167,0.11943734248109422,True
10,41,29.331431449020965,100,0.002769318348883014,0.01248160847502802,True
10,42,18.556936734200015,10000,0.0007714120019125372,0.25663763559551395,True
10,43,31.946373337257114,10000,0.023319623621911787,1.9123275316140762,True
10,44,31.694970654832293,100,0.045124413668643046,0.9839706395855906,True
10,45,42.7168482598366,1000,0.005606858987434353,0.3116697234200546,True
10,46,30.80072055358481,100,0.0006575623215253152,1.7800691543267393,True
10,47,10.171984867680507,100,0.007449453550520306,0.0331904365218015,True
10,48,7.910910208180921,100,0.00025463416817841797,1.1856433404608795,False
10,49,45.98044607458128,1000,0.014866879246667259,0.9211109078171102,True
11,12,24.952100647063446,100,0.009977924596909264,0.8957461306595129,True
11,13,15.684506076866283,10000,0.001412104451918595,0.26681393042395724,True
11,14,48.684479291365236,1000,0.00316862050047871,0.6403595555814253,True
11,15,17.103152562191198,1000,0.0007357357849613004,0.2935547238851391,True
11,16,26.262200975293112,1000,0.023792519563034617,0.2729335819610999,True
11,17,25.27093857460182,100,0.00657859302628751,0.21827755044564298,True
11,18,17.630744698218844,100,0.007268541893244206,0.0055210119373097725,False
11,19,14.8580964095836,10000,0.018574161359725307,0.33534410334626163,True
11,20,24.734231984184596,1000,0.00505501235323133,0.04540306764212682,False
11,21,41.750697895282315,100,0.00959893976209954,0.12085594487066291,True
11,22,27.8335372423014,100,0.0003011722788880906,1.125223879527378,False
11,23,25.27686585424103,10000,0.0032121338304690167,0.5018263648364749,True
11,24,23.49594838694956,100,0.012518776161694254,0.9362516676317526,True
11,25,42.07056728995826,10000,0.030798343068285328,1.277954711474399,True
11,26,5.0946729429147535,1000,0.0029787682322247565,0.06136989358196631,True
11,27,35.89654610716731,1000,0.01094497073726433,1.6112138836548455,True
11,28,9.152815643296575,10000,0.005429146641838808,1.391017689728074,False
11,29,8.608100633685655,10000,0.0138569759696491,0.5321775048781279,True
11,30,34.09025405560732,10000,0.009005669785734461,0.010182853752543086,True
11,31,46.09791264093065,100,0.0016761609243995856,0.1885591477718467,True
11,32,38.34415626235603,100,0.0006875416179013711,0.7634998458928469,False
11,33,5.526797482890683,1000,0.0076034031419810015,0.5957538477983734,False
11,34,22.971593677761092,100,0.0013125204388468148,0.8178998397282466,True
11,35,37.81280693972516,100,0.0006976233328839989,0.4900309816019522,True
11,36,23.17540388765557,100,0.003221095199801293,0.3657351478809945,True
11,37,25.0888782380712,1000,0.004848973848558193,0.5980613189711288,True
11,38,39.17079615886759,10000,0.003839974241431472,0.8727494298500833,True
11,39,32.04833750601048,100,0.007461526743948946,0.7167871898237248,False
11,40,34.058322954302554,100,0.022081574405370667,0.42446057617394006,False
11,41,6.14514919575879,1000,0.0101308338299682,0.4164312671107416,False
11,42,23.43330027028544,100,0.0010676140156840625,1.8782294707834977,True
11,43,42.877551278510424,1000,0.0060513927246529375,1.1656314385193247,False
11,44,26.851536484672902,10000,0.007591004759372211,0.14593838148910143,False
11,45,14.398883181758299,10000,0.0049100136263008146,0.17438307385113086,False
11,46,39.029612627757956,10000,0.006691400656839061,0.13931699126839553,True
11,47,21.667864382388792,100,0.006424662877699764,0.5872167110550283,True
11,48,29.542150454823613,100,0.0034024696489861166,3.247673665959655,True
11,49,22.348035713161504,1000,0.0077959349689388025,0.1674073799118866,True
12,13,29.37671655845018,1000,0.002835671193861904,1.8235549190013713,True
12,14,42.20667382083885,100,0.002164458271101219,0.05937595780838081,True
12,15,17.161146145885247,10000,0.008157868496541154,0.42660249551710083,True
12,16,11.263851560556297,10000,0.001631326373819561,1.6969417567723883,False
12,17,40.207474825703926,10000,0.02122890000246797,0.9765874838068078,True
12,18,32.92972159210628,100,0.013123676548948486,0.16015014594778962,True
12,19,36.98981225070436,1000,0.002584466054589457,3.3250379718997767,True
12,20,37.496445595515766,100,0.006133502099743854,0.038721663520714135,True
12,21,29.71951157314283,100,0.015809022671741686,0.32264289979134264,True
12,22,47.481894222142905,100,0.029781309514599345,0.7192907984512864,False
12,23,38.95795497193663,1000,0.008885090469242499,0.4705316212803642,False
12,24,14.145039098873927,10000,0.0048864104280237596,0.7159562656140621,True
12,25,30.977556315490904,10000,0.02248594728801504,0.608767936822302,True
12,26,32.09526434096508,10000,0.008522107958446627,3.124637665197935,False
12,27,9.916889463932964,100,0.005783014619474764,1.8771138110325931,True
12,28,7.810591712858215,1000,0.002957781777854371,0.03127402354319739,True
12,29,14.933546980375178,10000,0.00019301169365585843,0.6478745639378233,True
12,30,37.52181309642028,1000,0.007491381884500968,1.0011519946509757,True
12,31,41.89090122431274,100,0.00326783149176632,0.23661509123624855,True
12,32,5.3988478301061,10000,0.002239576543608886,5.230404836285843,False
12,33,5.104289655716624,10000,0.013389128784347004,1.7966389364934008,True
12,34,11.428262928537738,100,0.017255596559628366,1.6564413222800758,True
12,35,36.50154227474469,10000,0.0009277857239491574,0.6687039837876222,False
12,36,23.339436396459387,1000,0.0002480352821562571,0.3654812355806585,True
12,37,33.444042327780906,100,0.029505299850619986,0.07506463373245577,True
12,38,28.515946970153532,1000,0.0007997662473957208,0.6943964967713936,True
12,39,36.818891477001415,1000,0.0007569582405825248,0.5156259312160877,False
12,40,15.457294537522152,10000,0.005130047032690046,0.34603897982755905,False
12,41,16.977560563199184,1000,0.0038786446405724958,0.6470978859895242,False
12,42,33.821421897912984,100,0.0003424903778047453,0.2415978813767288,True
12,43,39.18251429149084,10000,0.021951584356663063,0.6993341822032346,True
12,44,31.363915480408362,1000,0.0007448198725566497,1.14764672952438,False
12,45,37.12786846279654,100,0.016294289459954793,0.8040809030749025,True
12,46,11.429418260273527,10000,0.012753082220155823,0.5132379158597136,False
12,47,44.68964763747361,1000,0.012791330576360223,0.31683223664200055,True
12,48,9.623671360359051,100,0.007156569128044452,0.04798499236125218,False
12,49,36.81394193550723,10000,0.008753083929610581,0.6291738190267518,True
13,14,47.320182758127764,100,0.026720178161468336,1.7528156786316993,False
13,15,30.42429609538641,1000,0.0037592754529383976,1.5555771577313506,True
13,16,24.52178388094383,100,0.0047371235632997855,2.7539028589851537,True
13,17,10.221020660667618,10000,0.0068085116823115325,0.4904493137625131,True
13,18,36.67356912354491,1000,0.001497953351648721,0.2933398927727322,True
13,19,13.22632564956052,10000,0.030113070883768793,1.2124772028770874,False
13,20,9.741421501288542,10000,0.010060506272491932,7.535579650346338,False
13,21,27.43568597775691,10000,0.0069394979398835046,0.566918375072549,True
13,22,14.399722580232368,1000,0.014730757351682458,0.0028854104614742197,True
13,23,13.371035000254953,100,0.01726982839782898,1.8994426877388573,False
13,24,34.580906697655784,10000,0.013111733857884058,1.0433095802631989,True
13,25,38.931036571777206,100,0.00349985195390159,0.14687824248068754,True
13,26,38.23688561595488,1000,0.010351660626804982,0.5027432205813674,True
13,27,13.96468737023239,100,0.0033884849273461875,0.45852731518833895,False
13,28,10.018049554457438,1000,0.007848365248139979,0.1052125500899133,True
13,29,15.884999759936568,1000,0.00411501611341643,0.019516851669877114,False
13,30,23.613920371338587,100,0.013325656499995462,0.40083998948288146,True
13,31,17.000383849788992,100,0.00623798669966619,3.310422221009638,True
13,32,35.489402035652894,10000,0.014871821306709975,1.48245942648968,True
13,33,48.92062204756461,10000,0.008565027028487405,0.07945990127892501,True
13,34,21.548014286229947,100,0.0030867806434803488,0.017708232706465002,False
13,35,39.79138432634022,1000,0.0025265396356450895,1.0268311926892821,True
13,36,30.564163055204027,100,0.010397550865605175,3.6571654542851797,True
13,37,6.0617734090488105,10000,0.017705644017541437,0.9317764311074249,False
13,38,14.319271317945704,10000,0.0036084896998231303,0.06795219063427087,False
13,39,16.097163574011105,100,0.013761238826067158,0.6420925886156549,False
13,40,48.100541044469175,100,0.00273330586493029,0.7565926572335776,True
13,41,34.00660286340546,1000,0.004552028996462769,0.25538432939859107,False
13,42,11.336132700170424,1000,0.01878589009152672,0.37855111942969805,False
13,43,49.174399573360155,10000,0.0017898435997134926,1.0295123843498641,True
13,44,47.63278623139011,1000,0.00343201132890464,0.6348561371298942,True
13,45,36.847460762038736,1000,0.011714945082089428,2.6679664688206044,True
13,46,15.36129143197316,1000,0.005372417897432824,0.35941684247714095,True
13,47,20.942049417847098,1000,0.011382485262732563,0.07930213477005081,False
13,48,41.313447089779714,1000,0.00791553358168615,0.19882654025665134,True
13,49,30.23935085131779,1000,0.005897635674222761,0.234691808249024,False
14,15,42.964234882332065,10000,0.015757269365677423,1.9226766022694781,False
14,16,48.22821389809399,10000,0.006896253903481844,0.5220114019676628,True
14,17,28.514287252942395,10000,0.0061426849664197635,2.5181003708680527,False
14,18,14.628066740970661,1000,0.03972720207875388,0.2108539411153337,True
14,19,45.85544572008287,1000,0.011983591146993945,0.5028672529577625,True
14,20,48.517370664171565,100,0.019256697199476244,1.4831975926263863,True
14,21,15.44179230054977,10000,0.010984137455189629,0.1775725437985096,True
14,22,39.723210994037345,1000,0.00923980991693548,1.8042845668534317,True
14,23,21.964349386682603,1000,0.016334904800941213,0.04715107910304208,True
14,24,13.004965582206054,10000,0.013051253056263971,0.10026162303666898,True
14,25,6.312639364036901,10000,0.022503987744588106,0.0004428794938546291,True
14,26,11.92131610887235,10000,0.0251988356829711,4.998956075902351,False
14,27,39.245356557292645,100,0.010090741322397843,0.09510407350411179,False
14,28,7.596631778715448,10000,0.008606729434454638,0.441799000649414,True
14,29,16.29506224680351,100,0.004440684118766536,1.0689498229877938,False
14,30,13.62168255806716,100,0.03664079088470894,0.027904931334940996,True
14,31,38.8297477867592,100,0.00036683505611327097,0.19264074345832685,True
14,32,17.7115434789662,100,0.005645440472350906,1.2699697998789081,True
14,33,24.237582409765025,1000,0.018304565711124977,0.1552680458822164,True
14,34,45.6690907298814,1000,0.02230806229197307,0.543775893497494,True
14,35,26.435107998549444,10000,0.00786372227673478,0.22873526340577532,False
14,36,18.30626033187219,10000,0.00033359930236239024,1.0107180906245992,True
14,37,18.2858811120339,10000,0.007070847345157996,0.5266367498016638,True
14,38,42.61216675597322,100,0.012973653126548508,1.4868054178595194,True
14,39,42.1154535325004,1000,0.02086531282741948,0.7745623605709238,False
14,40,24.135268344696225,100,0.004972909048496802,0.7912022694074209,True
14,41,31.5693990420212,1000,0.0044969329524458135,1.284200962659162,False
14,42,14.161026989586219,100,0.0036232302472395863,0.26190603022539466,False
14,43,37.82051573395984,1000,0.013157417232076831,1.0234183434895254,True
14,44,39.158102266626905,1000,0.0036087074205934924,0.3934799193146354,True
14,45,41.755075992753625,1000,0.0013393887654040155,0.410927086165491,True
14,46,23.258802587677746,1000,0.0049954812288366445,0.893155023299958,True
14,47,8.530511734270577,10000,0.014017317084520958,0.020888012383265445,False
14,48,28.29183355919849,100,0.03041185511110514,0.0433484105221125,False
14,49,32.069924568492084,10000,0.01253247660188759,1.4229802649098477,False
15,16,28.123450889304547,100,0.0018884989525327304,3.590664371812897,True
15,17,12.156125168311759,10000,0.012529062038255497,0.6193692442292759,True
15,18,36.256794226397844,10000,0.019002690363535257,0.4225157747288461,False
15,19,7.33528847832849,100,0.004236422441660145,0.40888663627022787,True
15,20,43.544175068656706,10000,0.014469753357983046,1.1118655783847757,True
15,21,29.718939716604677,100,0.004788711656821708,0.17797342794015172,True
15,22,38.04997694340162,1000,0.00016192254821999143,1.5240461354570058,False
15,23,40.889631224173975,100,0.03515165157939812,0.5756509916369589,False
15,24,36.719195451952174,10000,0.012248328125277421,0.7641933412324053,True
15,25,24.33181746092291,100,0.012674592473497781,1.985153492430679,False
15,26,41.000156679365666,10000,0.03046333527201126,0.2571236177056639,True
15,27,41.39554930535923,10000,0.0037075627822243246,0.3425544405277208,True
15,28,35.27163473940041,100,0.0007352983642008781,0.3752218229772237,True
15,29,43.28061172721808,10000,0.023653871012100744,0.012231269408971249,True
15,30,7.332610960387806,100,0.00019994217162545586,0.49541516221438503,False
15,31,23.52449572055161,1000,0.00406540634782834,1.3193801039927686,True
15,32,8.075894013948137,10000,0.004398310492050445,0.0876510751762704,True
15,33,35.489342547659035,10000,0.0005824970382389808,0.46827879285214735,True
15,34,33.87804787843512,1000,0.013223313048758735,0.12351425384797121,True
15,35,40.33709651822068,100,0.0010688712205436364,0.325526249643295,False
15,36,24.44085174175277,100,0.0001154707131185372,0.5980488895202976,True
15,37,9.64046130836341,1000,0.001202525251555425,0.5168453767797387,True
15,38,36.704949261235036,100,0.002287097312282823,0.7333532458337443,False
15,39,32.24672011464821,1000,0.006597891918683802,0.3127042059539351,False
15,40,34.55402285635507,1000,0.0015541704716627745,0.9047566589181971,False
15,41,46.64849935333464,10000,0.005627765899701304,1.1900616074603703,True
15,42,9.144286395480606,1000,0.0031115819666956597,0.015226013884891114,True
15,43,16.29018705609961,1000,0.005990859165789834,1.1149125350489233,True
15,44,28.659029880161068,10000,0.00910478363220359,2.0106294174939903,True
15,45,9.765761198169093,1000,0.009474154978088236,0.23963505251682135,True
15,46,5.30069581507495,1000,0.009813754542336382,0.4676939802159954,False
15,47,33.236895730292574,100,0.008744917510906712,0.2918260323785145,True
15,48,48.09114567877178,100,0.018313422735144417,0.20892093117129654,True
15,49,48.96531294975246,100,0.00689235626784541,1.357998394390697,True
16,17,45.05256614593637,100,0.02459808232896316,0.5691982557212377,False
16,18,24.54814935529744,100,0.005769386816687051,5.5892812248066335,False
16,19,29.609418464422006,100,0.002771010230264016,1.2519478326323366,False
16,20,13.967165141006037,10000,0.0005131284912728239,2.4249933584636385,False
16,21,21.018696461977747,1000,0.003158159142692778,0.28443371445712246,False
16,22,25.652323246856916,10000,0.0024251035985593536,0.9090563884202855,True
16,23,21.749017632134866,10000,0.018231995731582892,1.6352189994881976,True
16,24,46.97197286597426,100,0.015453815545050636,0.506581570678615,True
16,25,16.401072652684764,10000,0.0073699254119671525,0.07091477358703707,True
16,26,46.43449738085108,1000,0.01608032720003893,0.4058753758000105,True
16,27,46.186573321302035,100,0.010980016177460653,1.5482817930749604,True
16,28,33.36112487552711,10000,0.01015984728962617,1.7936200038133752,True
16,29,29.07614770695198,10000,0.027532665471097385,0.06614658309229908,True
16,30,18.15723996854869,10000,0.009134083900139617,0.22451790460852428,True
16,31,23.34347860908451,10000,0.006754953535639746,2.6188124511245783,False
16,32,39.3998327633977,1000,0.00011559022134510796,0.5255624480261065,True
16,33,10.034627744710573,100,0.0007309980660067169,0.2053609836776891,True
16,34,44.67607753295786,100,0.01751509037546315,0.5909538729742204,True
16,35,5.358398213545301,10000,0.007236180576173268,0.766909582939844,True
16,36,20.92051214313962,100,0.01760940271364574,0.2434229404553357,True
16,37,40.38609798776667,1000,0.004376138071241865,0.7044794557708601,True
16,38,44.43437449140402,100,0.023388180855311733,0.0808205174102971,True
16,39,20.70005337688206,100,0.01957696736955853,1.1299196381880567,True
16,40,43.64439257072625,10000,0.005353165340949845,0.013339611821447378,False
16,41,25.663515517965283,10000,0.0019754068939390216,1.1840054537024762,False
16,42,10.289808506759899,100,0.013494848174792563,1.9875729061973642,True
16,43,40.524448738783605,1000,0.0017597708684075491,0.0872525015240209,False
16,44,12.458667963434932,1000,0.02134214418231376,0.12953412502585065,True
16,45,31.196471341000933,1000,0.007323550010191644,0.9358627276617398,False
16,46,7.597947165130274,1000,0.0031142955692747116,0.4089820348098246,True
16,47,30.73604917327703,10000,0.008139111519309452,0.5374692735779751,True
16,48,29.340725172713636,1000,0.005307983242335355,1.4007772567556145,False
16,49,19.739847433105957,100,0.020442826532666186,0.99809456772371,True
17,18,10.19275889805128,100,0.006845913864369064,2.7049634860371725,True
17,19,49.11960066216673,100,0.002309893918794464,0.4973491296616848,True
17,20,14.194237252953663,100,0.030249969108153262,1.4982960032149244,True
17,21,43.57890060623784,10000,0.006429390145675243,0.8225233209326528,True
17,22,35.9884233188544,100,0.013142212453522569,1.1949318606150474,True
17,23,25.927486173528997,1000,0.018535891364679213,0.6637722009982694,True
17,24,40.62011911661165,1000,0.0071449706687929685,1.718130404501745,True
17,25,26.79549918311789,10000,0.0007871828968795785,0.49073887003514954,True
17,26,45.579831284580294,1000,0.0006932179560363473,2.098424202804143,True
17,27,29.379243392040348,10000,0.0006888365735912734,1.0450279419847497,False
17,28,21.896101780992517,100,0.045298543824903524,0.26337774461960983,True
17,29,6.927689980360096,10000,0.0024860409500367,0.4315840589003817,True
17,30,8.092115497578245,1000,0.004691726145829153,0.461213470587791,False
17,31,20.74752227883379,10000,0.004767890577736535,1.7800347109610193,True
17,32,21.795852037065522,10000,0.01632167495491405,1.4819667289838774,True
17,33,7.990849659932246,100,0.008763817645917181,1.5230766420252808,True
17,34,41.13509323810267,1000,0.014208935943935075,0.014736306853684366,False
17,35,37.095614063750155,10000,0.0018618622226351216,0.21688219446083687,True
17,36,38.749000930343186,100,0.002987174315523529,0.9299124818527051,True
17,37,39.84362073250678,1000,0.008646635352040355,1.000736287931406,False
17,38,26.326454905224622,100,0.012474987157787824,0.488105675627055,True
17,39,13.341775058713017,100,0.0024196027699254995,0.5531258681164362,True
17,40,27.81768410324232,10000,0.008162812591330214,0.8786772956742709,False
17,41,24.97366347895855,10000,0.010773717798567641,1.590819567208323,False
17,42,36.15615151074762,10000,0.01012696233196038,1.3792505524174181,False
17,43,28.792598859429607,100,0.011862670107574804,0.2468160635375204,True
17,44,16.90857621164108,10000,0.014996444123195203,1.7239957774589822,True
17,45,49.24875455683103,1000,0.01200475023657181,0.459415424719779,True
17,46,6.401709175702598,10000,0.0030653107054173998,0.5365554351317462,True
17,47,42.094710134567116,1000,0.010991546096145081,0.3901243994323304,True
17,48,44.965318502031614,10000,0.023122405138111795,5.561677236148372,True
17,49,43.01921064898531,10000,0.01675116389170561,1.2270294297901674,True
18,19,42.19934258572882,10000,0.027116228272023774,1.616200687906822,True
18,20,5.257336161235518,10000,0.0027640784639659712,0.04118750595694294,True
18,21,10.853630142302613,10000,0.004469542425253329,1.531265804358061,True
18,22,19.075009514465933,100,0.002639892183917549,0.014485861372039345,True
18,23,33.06843881888041,10000,0.018147392606929002,0.96633796091396,True
18,24,33.107632165153916,100,0.005147248077755101,0.49526992279368753,False
18,25,33.72450079063219,10000,0.0058392298833458926,1.2289385376562179,True
18,26,15.299395811757455,10000,0.020280702386895392,0.4766297872237799,True
18,27,32.83371764231835,10000,0.002377952381875633,5.433246192014816,True
18,28,34.22790183683513,100,0.006183494058462705,2.8122745619254848,True
18,29,47.714031193140116,100,0.011232727809391316,1.1317501750976329,True
18,30,47.376139399611375,100,0.009987041006951101,0.055925848666563645,True
18,31,48.84114443651403,1000,0.0032198123896143363,0.16984756397095727,True
18,32,31.968595226274697,10000,0.0022836536021881727,0.04326484958376246,True
18,33,25.380998162042484,1000,0.001860024372223012,0.019330504120641034,True
18,34,32.43638413186772,10000,0.0060436553794074215,0.6067354618013044,True
18,35,45.95958656904905,1000,0.0051397591387444055,0.16687078846063783,True
18,36,17.465563594669046,1000,0.008751267261114472,0.8985494937326826,True
18,37,7.339520838996837,100,0.005504940203134059,0.08835632986675682,True
18,38,44.643785253784586,1000,0.010760059781094082,0.23728283080935125,True
18,39,44.87420458909437,10000,0.013372226585696406,0.3376002410770677,True
18,40,49.87570549566212,100,0.022765847094790317,0.9745305544575631,True
18,41,25.925428288689243,10000,0.014957143622719594,0.13689352341367697,True
18,42,24.592714077908102,100,0.01106569692480761,2.2246347567103153,True
18,43,29.834471138953354,1000,0.0007368409635684104,0.23672676380501273,False
18,44,26.10982449714104,1000,0.02853945495625741,0.07776826846703173,True
18,45,28.844656748983677,100,0.014241728043015545,3.434592811184291,True
18,46,17.526581674819546,10000,0.0039490197205026825,0.3557944369921287,False
18,47,10.83555402009059,10000,0.004550688322089968,0.4364863599752824,True
18,48,48.89179747158894,1000,0.016556056297563987,0.15890420412443287,True
18,49,43.9096514836163,10000,0.0031658368061957365,0.10378722839287977,True
19,20,36.800399015496495,1000,0.016286456581731286,0.14751266313471897,True
19,21,27.747894217543877,1000,0.0037351571199565415,0.0031458490465664864,False
19,22,44.39325313048254,100,0.006154161715059916,0.3659513629547137,True
19,23,7.564042714881572,1000,0.006132855799895035,1.2910062771928368,True
19,24,35.02455517373815,100,0.01981973500157835,0.3766961760656641,True
19,25,42.80486352976399,100,0.01448852247960724,2.820422026997776,False
19,26,28.52420637028414,100,0.0135340693726407,0.6783946773351387,True
19,27,42.72036894868103,10000,0.0012444335690115639,1.608028474252502,False
19,28,36.433878134411174,10000,0.014373643485470058,0.13467722353981307,False
19,29,47.81501715483914,100,0.007136527509936712,1.3327149603744903,True
19,30,44.13227371136499,1000,0.002611397580185179,0.8044414165829487,True
19,31,34.775026683313506,1000,0.001411645526855122,1.9289784533071985,False
19,32,43.44173550488011,10000,0.002019176479796174,1.747040160103516,False
19,33,46.72057018390022,10000,0.008469057004785138,0.15431867038022862,True
19,34,40.89795185066963,10000,0.02244176619581086,0.41170502446821644,True
19,35,30.795043750231617,100,0.0019252116455201701,1.1170755334398084,False
19,36,14.81933905484775,1000,0.00738046232241183,0.8889992430597046,True
19,37,33.05650237336834,1000,0.015730809748645835,0.9870591119225869,True
19,38,11.842185534102132,100,0.008081932823050354,0.2225253860797247,False
19,39,15.668811883280304,10000,0.0004088357876099898,0.34455005340385897,False
19,40,15.716599414956335,10000,0.00891471012244686,0.006456006732802243,True
19,41,36.611975371481094,10000,0.006679968270904791,0.5620929783514891,True
19,42,49.980096646269736,1000,0.00507274773864346,1.7576656392285077,False
19,43,6.370865883903205,100,0.0004651787323659309,1.0401559753187841,False
19,44,35.1514642013405,1000,0.014852432170898133,0.1317054209608956,True
19,45,17.531182801739853,100,0.005765712967708982,1.8274720079048132,False
19,46,6.123724795267232,1000,0.002427096741359052,0.40948376057141267,True
19,47,39.802147150201236,100,0.009373088225665996,0.329963117211249,False
19,48,22.088818531369284,1000,0.004977343182437553,1.3893777065919564,False
19,49,39.77471388492856,1000,0.011313208174510562,0.8342075416502618,True
20,21,22.42951330888913,1000,0.0038279831080531225,1.384001016768715,True
20,22,8.939689881250128,100,0.00267128877244031,0.4232479072665227,False
20,23,48.267154605835046,10000,0.0004238484762157219,1.0136133625672794,True
20,24,34.402257431540626,1000,0.0035048633524505154,0.966573818127815,True
20,25,27.78486392094205,1000,0.003249889739966056,0.33075109256868385,True
20,26,5.462802317106141,100,0.012250131499674364,0.9746869316163284,True
20,27,19.034574609367635,10000,0.0015344870600815937,0.3756585722295642,True
20,28,9.004537168535599,100,0.02740849983650983,0.20546704536450705,True
20,29,46.788375295192736,10000,0.0009690803662038801,0.1776815254560648,True
20,30,11.771252195269886,1000,0.005956191057306981,2.4445252307620535,False
20,31,5.22619486744114,1000,0.010844538913974355,1.3910140290675084,True
20,32,31.005100071233976,10000,0.003485179268121508,0.12193819956327819,True
20,33,40.28927784643701,10000,0.002388249609303227,1.0892272479973313,True
20,34,23.10828166846903,10000,0.004412509174361885,1.4166069626537052,False
20,35,18.448571086656386,100,0.005799221551065083,1.3082668758649802,True
20,36,32.17086463680933,100,0.017287545256772223,0.1903654861917285,True
20,37,10.261559098642616,100,0.0067888848964252685,0.35659218990154595,True
20,38,24.52297652848599,100,0.008761210388757257,0.4944934472891876,True
20,39,7.036213505849954,10000,0.00015293229861447857,0.870880333594054,False
20,40,44.28587273133722,10000,0.012029397016893125,0.529086496305908,True
20,41,47.419662963498375,10000,0.0029294626660538643,1.514074674539855,False
20,42,8.404749675684988,100,0.0012636750948930697,3.940845772237502,False
20,43,8.025538104075252,1000,0.013427241864990605,0.03298140208855304,True
20,44,28.95313441781545,10000,0.0018937502646305827,0.839270195554383,False
20,45,47.224207789309226,1000,0.005508630580644954,1.5777970778589243,False
20,46,40.192284616869124,10000,0.0015584618389080027,0.12296039804987048,False
20,47,28.56139183496538,1000,0.0025685756803615132,0.9518409858574385,False
20,48,30.993428945499016,1000,0.022802715668182667,1.367195885090287,False
20,49,45.31478815366968,1000,0.016384266843651192,0.39776406162965156,False
21,22,8.810975384388808,100,0.004436883832759544,2.440611656481169,True
21,23,13.220257290785066,100,0.008591366844995472,1.4349956990567536,True
21,24,17.409083199857655,10000,0.00016898279582340547,1.1369347571116364,False
21,25,23.934254079466662,1000,0.0003320427150562829,0.6454932651471988,True
21,26,12.254846538880514,1000,0.03545676737763038,0.8259675370352235,True
21,27,8.080270365470756,10000,0.007180555275378217,1.4853287146737328,False
21,28,36.2000819180618,10000,0.0043798758439830285,0.7999829604202996,True
21,29,42.51398047138275,100,0.005765679210026686,2.295215901552552,True
21,30,24.985186092334953,100,0.007585629370535282,0.7717206600176871,False
21,31,14.763031063874578,1000,0.002006226454377922,0.17056616928390106,True
21,32,6.886184752231589,100,0.002485750540581533,0.7303843093292514,True
21,33,9.307807463497879,10000,0.013148535644729951,3.1728993515940025,False
21,34,44.87817974582053,10000,0.004774178700494808,0.38065556563531094,False
21,35,9.111834718718413,1000,0.007577796119222651,1.1314601339820856,True
21,36,37.91734088194126,10000,0.022404988241408103,1.073105326368696,False
21,37,47.442867033257826,100,0.005644052250976836,0.47648939302738846,True
21,38,16.302617039678058,1000,0.0028701973142502353,0.7929045119978101,False
21,39,45.57123523791804,1000,0.003933555204399869,0.04006125712272674,False
21,40,5.287056953296581,100,0.011930167465037073,0.39207388367019025,False
21,41,14.489880245635465,1000,0.017171724675561214,0.5808431772250798,False
21,42,22.201351338985628,10000,0.0030914877641552607,4.638965239229588,False
21,43,32.15879629255044,10000,0.00615539718139031,0.5638465533769664,True
21,44,13.914298252413031,1000,0.009748562025540378,0.25189812890208263,True
21,45,29.590634377765596,1000,0.014974068432916817,0.1398383990326563,True
21,46,24.901352443380162,1000,0.02282435926218123,0.0878782932996094,True
21,47,9.51105036752945,100,0.0005381362100189582,0.17390694090264686,True
21,48,8.456334848117658,10000,0.00023993304648808653,1.8014898907711345,True
21,49,11.095679155761086,1000,0.020280606331272173,2.6099774492099153,True
22,23,7.278011252108335,10000,0.005447341997446268,0.009734105799867299,True
22,24,37.90208050047127,1000,0.015214979130645576,0.3764499177502826,False
22,25,36.39723383989818,100,0.008352062956481544,0.006277131055913898,False
22,26,29.091557353174306,10000,0.003167566754287018,2.3459445897471602,True
22,27,29.744085324929234,100,0.017859575708045604,1.6380884748715228,False
22,28,15.173558195475321,100,0.0009166725048274296,0.09421864509082307,False
22,29,7.275163458179253,10000,0.020455307122513908,0.08722039666546805,False
22,30,38.861075191392246,100,0.02045108766466717,1.4233191265636467,True
22,31,26.797603352038216,10000,0.0075489618148046455,0.17598252106831833,True
22,32,41.244454818499385,10000,0.024169041834522644,0.7927793354933343,True
22,33,20.595144191744645,1000,0.00525018503553894,1.1384885331551513,False
22,34,6.560271690172987,100,0.004117837274302005,1.6237965510412196,False
22,35,48.921471437009174,1000,0.004114494096024003,0.37383840496771753,False
22,36,10.001171629940558,1000,0.002751365446183705,1.115912609817942,True
22,37,35.289145891004765,1000,0.0050582508434186945,0.16997841263755953,True
22,38,21.221352731369926,1000,0.0003556422253262573,4.581103467700371,False
22,39,25.003771387257185,10000,0.044585616450187784,3.7845067171075035,True
22,40,34.67403329368989,100,0.0070741330768026465,1.0158400391169589,True
22,41,39.56024458909443,10000,0.0052965253620490095,0.557718882855961,True
22,42,30.390431750804122,1000,0.00023813805628802797,0.561457494656059,False
22,43,10.812850035939967,100,0.01511933330383703,0.01633305850334064,True
22,44,6.806248658841493,100,0.0067773124935449425,0.21692415745016783,True
22,45,40.14137103737407,10000,0.0029172535674715718,2.006655002942597,False
22,46,10.667983837071121,1000,0.011203638425948372,1.8765805338753758,True
22,47,35.4417687284272,100,0.028811237553764663,1.4517038288236193,False
22,48,5.0605821930453665,1000,0.0015477880873829958,0.01855726807261572,True
22,49,47.43778538331372,100,0.009817100940501913,1.3746751943563507,False
23,24,7.697448538758873,100,0.00931396672432166,1.8934361533710882,False
23,25,38.036806656874084,1000,0.0020267007206774892,0.9017515960965781,True
23,26,10.687389008255021,1000,0.00013776881677615843,0.08512085969485157,False
23,27,6.253350836948348,1000,0.005558201249895719,0.7943943957336257,False
23,28,18.316941324647726,10000,0.016374563565532806,0.5073054527727697,True
23,29,31.640757925507828,100,0.0002499391913382859,0.45059888564246464,True
23,30,42.79191584915698,1000,0.016104701834604506,1.9878403850218558,False
23,31,43.321744368689856,100,0.003472246269556979,0.7454310861900855,True
23,32,45.511885004093166,100,0.003680051490040255,1.8172670433771472,True
23,33,31.153794067443044,10000,1.112713031782865e-05,0.31739181432433117,False
23,34,34.78255633012992,10000,0.009000763550100639,0.016376814174340518,True
23,35,19.55886856184712,100,0.0181561992206125,0.13624303546181252,False
23,36,41.604551704591884,100,0.017809283369620305,2.505895895916186,True
23,37,9.654535168721752,10000,0.013054121294104904,1.5133139002905691,False
23,38,5.001382348042209,10000,0.00389680206849453,0.8082363805886311,False
23,39,9.14444393898154,100,0.03161353569773724,0.8341232460949946,True
23,40,8.82753734701585,100,0.004845775360116759,1.0974165882399827,True
23,41,15.157747572760734,10000,0.006540175817691546,0.14851797486041177,False
23,42,42.337528984473096,1000,0.005871732555080489,0.7590130174021007,True
23,43,49.80060052208095,1000,0.006232746289300531,0.3857026530341598,True
23,44,19.32368426115563,1000,0.011162894002554694,1.146306874356436,True
23,45,10.99444658614829,10000,0.013413434756935806,1.098463554367721,False
23,46,30.768928390201307,100,0.016301288492917412,0.5550173667160387,True
23,47,9.16251970725337,10000,0.0020658138899841824,0.026025386330002308,False
23,48,24.93651678519287,100,0.015921311409400604,0.2646706532456003,False
23,49,29.797292898271955,1000,0.0011433910210774867,0.6510288812117676,True
24,25,29.361848940834722,10000,0.01786277622504493,3.707981881819166,True
24,26,8.001224663245198,10000,0.01015487344158388,1.7151735098465684,False
24,27,27.415847459661908,1000,0.0029076940278155872,0.36783831643820264,True
24,28,45.40708820496816,10000,0.0014582183193432691,2.2408810854170946,False
24,29,45.848094492988075,100,0.012054131716788055,1.4716223023875832,True
24,30,47.37095837302702,100,0.00021156343339692691,0.37946576612332916,False
24,31,39.493729229973226,1000,0.003609949861583428,3.3976292515788367,True
24,32,46.87891143583819,10000,0.006054727384638724,0.5315041718826617,True
24,33,16.289559495081512,10000,0.003827000369209904,0.8668606918360829,True
24,34,41.70962320857982,100,0.004144633722946607,0.7050814197840705,False
24,35,34.61459981254214,100,0.001124268650991275,0.12119631976181433,True
24,36,44.26947824792249,1000,0.021479225564125848,0.5358454514010093,True
24,37,34.686062281871344,1000,0.01044787587099343,0.0634151951107391,True
24,38,47.322677879573114,1000,0.0014543676397943683,0.22019692263064136,False
24,39,16.811176330456902,100,0.0011789288244481709,2.026236719906846,False
24,40,12.314209436091854,1000,0.00038830541903276007,0.9675013056677909,True
24,41,14.671243912402364,10000,0.009044356141002722,2.0550460368743373,True
24,42,20.54663841755506,10000,0.0035022141940624298,0.7549594820592762,True
24,43,31.674692339158316,100,0.005046988069287118,0.35143981673243974,False
24,44,11.81504848709108,10000,0.004644932573813719,0.952954735517852,True
24,45,19.360557041920814,10000,0.006981413845153118,0.22410773443524745,True
24,46,40.6134387728139,1000,0.004459654255365737,0.3666852837797014,False
24,47,35.53210258927616,10000,0.020805110623824747,3.538401210161766,False
24,48,37.49297288917034,1000,0.00633970505987489,0.5493170614727932,True
24,49,5.4722138512975,1000,0.0065638709075731775,1.6590223323370448,True
25,26,5.992976690703088,100,0.020704814476504945,0.012991250025578053,False
25,27,30.510175831229123,100,0.005795607422488072,1.0327025877237972,True
25,28,7.455443372721453,10000,0.0020983703439807345,0.614948832612105,True
25,29,45.74924770680055,10000,0.002192609381406796,0.5818751663063817,False
25,30,16.901231750023584,1000,0.016083553208767812,0.8089779289437241,True
25,31,33.41564566623593,100,0.005894838510683018,0.014674297533390555,False
25,32,43.98315961919816,10000,0.009290961689818496,0.2490867335410724,True
25,33,30.722344226732474,100,0.017126316276659732,1.742134039630526,True
25,34,17.75138310010032,10000,0.0025718212787691403,1.0981783129283094,False
25,35,24.882516716087956,10000,0.0015427171101878169,1.3559340866295089,False
25,36,31.910410279793734,10000,0.019296829762764235,3.0452441240058485,True
25,37,17.177899761211847,1000,0.0015703597946105643,0.7046060711557683,False
25,38,8.202005549505937,10000,0.0073490587232179615,5.218026511559739,False
25,39,16.614676812221077,100,0.0004992039345791926,0.1031492786683796,False
25,40,13.337458265009301,100,0.010372505684881697,0.04665685713396438,True
25,41,42.89744194926715,100,0.0008032923979861893,0.1861935310837393,False
25,42,10.547770068452607,1000,0.0028216060052970943,0.4433846259688029,True
25,43,35.794141201640514,10000,0.00048112034804179637,2.631808171571431,False
25,44,17.865524019704107,10000,4.196235522318335e-05,1.109979654445863,True
25,45,23.48549644998253,10000,0.0053388731030605645,1.058352467232401,True
25,46,5.999831691151119,100,0.0010361114569962758,3.140074669663983,True
25,47,37.78953279064712,10000,0.004994689052671303,0.2703976378446512,False
25,48,13.056423684871271,10000,0.002329204661689368,0.8859968073952289,False
25,49,19.939391214471627,10000,0.005745671680712063,0.9881772902268141,True
26,27,42.96897697942821,10000,0.002753194913782865,2.0739155114451955,True
26,28,15.109582893879498,100,0.009961931948814095,1.3458547671157293,True
26,29,5.7504116070427616,10000,0.004067550109348951,1.3125620295359928,True
26,30,31.0261893402443,10000,0.007379025844644791,0.07039381644445712,False
26,31,48.07386335836556,10000,0.0015080821161179952,0.5375436732008639,True
26,32,23.123276813607383,10000,0.008406088780044303,0.06100033124139582,True
26,33,39.601402005702575,100,0.0014272760435004184,0.17285066367365312,True
26,34,44.58206735202929,100,0.047715525486345126,0.23359218618595973,True
26,35,35.11485634661901,10000,0.012063941376698402,0.8892109488459583,True
26,36,20.74344728813845,10000,0.0017609041164184421,0.6381663846557595,True
26,37,30.662912242912572,1000,0.0007166096452497484,1.7573507476716685,False
26,38,26.28623765043593,10000,0.0030267718261423786,1.1872898071144724,True
26,39,40.83096242553742,1000,0.007198507324121972,0.139842189177903,True
26,40,19.278746483921893,1000,0.005431757466283815,0.9145404819714907,True
26,41,17.968303668178827,1000,0.0053702255834588595,2.386130730330391,False
26,42,9.10889611451016,10000,0.008790619322876683,2.838288237173423,False
26,43,26.224227083776793,10000,0.009826493410644763,0.7996899071899204,True
26,44,28.461965966318353,1000,0.010274639624304017,0.32232399073926754,True
26,45,10.476288802700253,1000,0.022132788596030045,0.9086828042203382,True
26,46,24.33530135098166,1000,0.024423239048700602,0.8489194230948064,False
26,47,17.09589267635892,10000,0.004856982707416934,0.5726924824329734,True
26,48,31.534407281819643,1000,0.009556054769824742,0.08509495153710221,False
26,49,12.73232571609463,1000,0.01254913648870927,0.8650693506383881,False
27,28,21.216897156342682,10000,0.00013959112564237628,1.048048898270051,True
27,29,40.939510116048645,100,0.0002034337940452643,0.1669802848111523,True
27,30,25.63333529841569,10000,0.010877530751021564,1.1365216680218972,True
27,31,49.862723783525134,1000,0.0023369852662114233,0.14263330992234627,True
27,32,19.38844379334627,100,0.0014807055808409993,0.0009298490456217982,True
27,33,6.107809272855737,100,0.01123601544644306,0.27320915761273595,True
27,34,39.20024952329443,1000,0.011409337271815137,2.683815844927011,True
27,35,41.16898562052932,100,0.027263752954354056,0.36152316850808275,True
27,36,39.46363897481339,100,0.0016474042146326718,0.39832786376902596,False
27,37,13.210611829362053,100,0.013067802872182527,0.8558086460009314,False
27,38,27.70051737512099,1000,0.0015926197374164133,0.23140384406662973,True
27,39,33.62307891585016,1000,0.00519740847616342,0.31356287101083274,False
27,40,40.25242489981273,100,0.004624040762330013,1.3914231885938642,True
27,41,43.07558947386042,100,0.010721149074361296,1.0260178971652243,False
27,42,40.45865601159192,10000,0.003111762839901765,1.6733937989956362,False
27,43,31.99855362174797,10000,0.020833584057535874,0.3602044760747379,True
27,44,43.575392181640595,1000,0.003197900028398047,2.4283595478701545,False
27,45,43.39981474514545,1000,0.004028936906992657,0.694306487157894,True
27,46,27.975668392782662,10000,0.0036535128365057772,0.06580307234822257,False
27,47,5.231283241350214,10000,0.03044644245514908,0.398721822025955,True
27,48,38.83213156805065,10000,0.029141467976536856,0.37530388739904225,True
27,49,10.925910654629316,100,0.009109052268886596,0.08552056296201943,True
28,29,33.12408867692159,10000,0.0018495517777572178,0.055126728955691214,True
28,30,26.396407185473016,1000,0.000922821428892672,0.21633556976094329,True
28,31,35.44900856689314,100,0.0020972867496333557,1.2743380405978253,True
28,32,32.19408420081439,10000,0.015753410169640974,3.9761134912398486,True
28,33,47.02396742808119,10000,0.018254436356623233,1.1117369835024393,True
28,34,21.334227818174224,100,0.0036275318454058966,0.14994751089059444,True
28,35,18.78354485993919,1000,0.00048346799252431925,3.2549336559040714,True
28,36,33.41191899395194,10000,0.0028607242028943483,2.848316556850679,False
28,37,39.89773835235497,100,0.0014995590612084354,0.010773119923591373,True
28,38,48.91004683470197,1000,0.002952292727819425,0.7498522479992049,False
28,39,12.535688503309483,10000,0.02119552345214817,0.7042501747557837,True
28,40,11.226721762425047,10000,0.0028764592759678697,0.07619452783889089,True
28,41,31.79148665705927,100,0.0063107506564949465,0.5288355760304998,True
28,42,45.27754717999249,1000,0.010462488416989508,0.5429524990075902,True
28,43,16.54912432337431,1000,0.02671102381372735,1.0811610404361371,True
28,44,19.020728281200302,100,0.005713938673968528,2.5344087171109666,True
28,45,7.462971811624365,100,0.005424799494631557,0.24799342853180606,False
28,46,46.175069198638724,1000,0.013559290162094907,0.1837000212148678,False
28,47,8.042213726257241,1000,0.012829604598960015,0.26375891577081034,True
28,48,18.846626602542973,100,0.0042898746343440165,0.4697235474323051,True
28,49,37.342315096799105,100,0.013838135078792843,2.4990974618805666,False
29,30,15.468648727404872,1000,0.0021056712846290915,0.03973700661221781,True
29,31,41.108080300309595,100,0.013435852088554226,1.1600003953152958,True
29,32,44.4853456971426,1000,0.020101817461619223,0.00996013334727755,True
29,33,25.733012010875324,10000,0.01650613183495116,0.3867285259832703,True
29,34,17.575038829350618,1000,0.0077304568708604195,4.845414052653861,True
29,35,9.38151022060495,100,0.00764988941443194,1.9573048314417862,True
29,36,47.93190192851386,10000,0.00018444121601022165,2.3448180050800245,False
29,37,49.63501381763712,1000,0.002759711989406221,0.2660084659001128,False
29,38,13.420592168472577,10000,0.0006339264911024205,0.2535055828461561,True
29,39,24.739137511072467,10000,0.023570307087352544,0.6791594104632082,True
29,40,9.806031680106363,10000,0.00414489963364418,1.2340853803936243,True
29,41,19.158300902083944,10000,0.001794698387367111,1.5286021235958034,False
29,42,33.57079966189232,10000,0.00394943878222548,0.020976508791984393,True
29,43,6.923282272787812,100,0.007866469166426686,0.08105444888728247,True
29,44,16.113252514635164,100,0.0014966333576451275,0.579945423069541,True
29,45,14.55285387508661,100,0.01810458754102522,0.6980906790640505,False
29,46,41.134158558909675,10000,0.002221686339969181,0.33433254139902174,False
29,47,21.967426895076446,1000,0.007864810288349035,0.17421025853869085,True
29,48,12.540494268702792,100,0.005927608737815744,1.7709060102329817,True
29,49,23.504183024533436,100,0.0016933417186405975,0.7919632592061517,False
30,31,21.981342955849286,100,0.002057476260846392,3.0122409940177746,False
30,32,16.74133608425756,10000,0.00434369423393203,0.04405650005242228,False
30,33,22.649800704509307,100,0.012240266675512432,0.7005517454698452,True
30,34,27.866377339933745,1000,0.004806464623836332,1.4926978155562587,True
30,35,33.24509947214639,10000,0.010031108588152697,0.5983507396632682,True
30,36,38.55729497921543,1000,0.009819857886522352,1.651657816993581,False
30,37,20.065506885080563,1000,0.011129325539019453,2.6078647916729114,True
30,38,42.11631265909238,1000,0.01684074828056504,0.48146667071622334,False
30,39,13.850968879077037,10000,0.010722587632966468,0.8310202826971743,True
30,40,31.39303014668519,10000,0.014242490334660097,1.2471086507746783,False
30,41,26.208872355835453,1000,0.0019864443028678107,0.11638002329705778,True
30,42,20.431834824163815,10000,0.005316518030798182,0.07502202562137716,True
30,43,43.414454702350035,100,0.009411285564743301,0.2754950581389531,True
30,44,8.626136552893112,1000,0.003537894474135058,0.0940464292896677,True
30,45,5.272116943279029,100,0.0028176710169276727,1.6730498243243113,True
30,46,10.016945952745187,1000,0.03376475102731325,0.23041288021614606,True
30,47,29.600476920379027,10000,0.0033179826333194725,0.0844188163436936,True
30,48,37.79914120197535,100,0.009147244413278308,0.22472453557956953,True
30,49,10.170785451285964,1000,0.006971716634166322,0.8749756352356212,True
31,32,7.453036734702183,100,0.0029714361492958687,0.6255564488240273,False
31,33,38.47573342859684,1000,0.0055124860056226035,0.4187518878915807,True
31,34,25.018359477239336,100,0.002111371365112743,2.4915759420572794,True
31,35,18.465440193547725,100,0.003742453808011772,1.2913884809729903,True
31,36,42.482182654339745,100,0.009197569088523328,0.41433477515241507,True
31,37,6.848067775568244,1000,0.005026149865845411,0.052624136592683654,True
31,38,35.319030340284044,1000,0.008756804053982442,0.6240016920968602,True
31,39,26.613241645611012,10000,0.013837752832423148,0.7889886328531671,False
31,40,18.136002807401326,1000,0.0002723518759249916,0.4788133378126487,False
31,41,28.911057428871285,1000,0.03149695730170519,0.5570529043097237,True
31,42,45.407984728325864,100,0.012285350410933007,0.2905834473663516,True
31,43,10.55524396146598,1000,0.0002233338918146612,0.44310653246586573,True
31,44,22.446281967755304,1000,0.0016622520110856688,1.302381382779661,True
31,45,37.90627652063188,1000,0.019348296294339717,0.5417851472701669,True
31,46,47.152605013407054,1000,0.0007089544012621512,2.276891209370531,False
31,47,19.752927704861822,10000,0.009522629850788694,0.3942649408331338,False
31,48,29.997377607633414,10000,0.004155220895290387,2.037529720593822,False
31,49,39.955929674388386,10000,0.01140636298327077,0.3203710682866599,True
32,33,38.29405219701816,100,0.007664660415073957,1.0087441994171233,False
32,34,14.528563792358879,100,0.013783899899319923,1.811131240812618,True
32,35,46.786859668878726,100,0.005716312513167016,3.0601665738643478,True
32,36,46.85743412881475,10000,0.002996254782146343,0.05427318919853094,True
32,37,10.458634910249035,1000,0.01669039331019146,0.6583091343565015,False
32,38,12.856543306123388,1000,0.004776123500007623,0.9602275388403696,True
32,39,37.74340119648599,1000,0.0012944251264807225,1.2770180088520395,False
32,40,19.77734748274724,10000,0.009765174049636921,0.9224827892971912,True
32,41,28.789547179517402,10000,0.0014661122181591174,1.301998279128813,True
32,42,16.586553926467616,100,0.0048703352123070295,0.7066089668880777,True
32,43,38.74791568110835,1000,0.00816832765791855,0.4261817261473234,True
32,44,46.519031282160746,10000,0.003395083903724448,1.289880260902978,True
32,45,43.81203298542354,1000,0.004099602877117508,2.5324497441644933,False
32,46,29.876669407325707,1000,0.0006518552412211817,0.3924637460564219,True
32,47,20.177010322440182,1000,0.009524005241928169,0.26998595340795933,True
32,48,24.311727138124482,100,0.00610310480440031,1.868644935380083,False
32,49,16.49090076030057,100,0.0146424349774768,0.06394831516097645,True
33,34,10.364469927825802,1000,0.005146781040183311,0.5533044050387088,True
33,35,37.35840292298653,10000,0.005760753081965301,1.8578574260826592,False
33,36,23.977067788666236,1000,0.00958970460410996,1.9718358940096514,True
33,37,34.42040380060077,1000,0.0037911510973554193,0.11274730754879739,True
33,38,9.47726009928341,100,0.03389495054219591,3.5090428712019044,True
33,39,32.035646720282855,100,0.0033576061363750067,0.9963366608537274,True
33,40,26.690780289961964,10000,0.0030816854383172365,0.18603950146399226,False
33,41,23.861127849892473,100,0.006648207848239705,2.43956012709857,True
33,42,29.588318339545943,100,0.0038182990808080077,0.24887054380045495,True
33,43,9.60651880624442,10000,0.001048936397058432,0.01615799662294176,True
33,44,21.964377527907875,1000,0.011871759309014192,0.0106071802061708,True
33,45,43.292835473306,10000,0.008716078660550046,1.4539190822571562,True
33,46,44.59269865736605,100,0.002131380722239685,1.270235189286946,False
33,47,19.229680515349855,10000,0.002253897574630221,2.394990969259302,True
33,48,35.43792660095028,10000,0.009821048940950537,0.1682501144421418,True
33,49,14.406666682366502,1000,0.028861398154398345,5.4061181942058,True
34,35,16.36386753364,100,0.04176931547230534,0.23458040929594245,False
34,36,14.159069324910337,100,0.04254771055355226,1.823924589928621,True
34,37,19.30571031979776,1000,0.016963869815555796,2.164902517156557,False
34,38,29.226339594546026,1000,0.01006643506232665,0.9707108100699449,False
34,39,48.963449575698014,1000,0.013920038996839228,2.8359016316428005,True
34,40,21.353176939974215,1000,0.005597432846777175,0.9902122566615856,False
34,41,33.23605544447328,100,0.02650774482005805,0.22916465314160706,True
34,42,38.23457240286336,100,0.005093701841738351,0.27741120892818666,False
34,43,47.954922908787495,10000,0.01029396199839801,1.264700490305277,True
34,44,21.97408021059374,100,0.0057009973877911214,2.0366401070834077,False
34,45,47.64587796789258,10000,0.010601229103107663,0.3201898118566431,True
34,46,27.015226463746366,10000,0.005880189938133619,1.3562305877172878,False
34,47,7.630609425659465,100,0.003414259499717038,0.4610107944110473,True
34,48,10.320727661246323,10000,0.0005910461153638691,0.8754061349555619,True
34,49,11.82843108288736,100,0.004139178954924034,1.5879711346314862,False
35,36,17.70412253948241,10000,0.0029626954305559078,2.7177668675464988,False
35,37,40.88274610585004,10000,0.0045926170271010135,3.864750220070523,True
35,38,27.587543230932877,100,0.012632341661615545,0.8724416383427991,True
35,39,43.896481990518794,1000,0.004878433113638046,3.402382283935487,True
35,40,8.745037979363254,100,0.05747477555385301,0.5566223481416201,False
35,41,6.368714636358559,10000,0.020715818803675998,0.24937534858309438,False
35,42,7.799229118656094,10000,0.035700410227119644,0.7187014146510948,False
35,43,26.123307889516614,100,0.010522055957436995,0.9546798285466069,False
35,44,28.093545126942338,10000,0.006379516038605493,0.25809945650484006,False
35,45,19.97282644296706,1000,0.017178288359541567,0.007167708526070768,True
35,46,19.81537769036275,10000,0.02217693469201768,0.6168444544634482,True
35,47,49.26702124441183,10000,0.007372056232141309,0.13312853548842904,True
35,48,33.61598445693822,1000,0.0004015750682000012,0.022088885018728622,True
35,49,11.04950423162975,10000,0.00535132656804142,2.7461592135078554,True
36,37,18.061479741763826,1000,0.0001056887890164542,1.4350220836242769,True
36,38,24.477796447572754,100,0.04319060219925041,0.28884738011390876,True
36,39,45.89894328435516,10000,0.004091966084663726,0.9546931403682533,True
36,40,48.29263245236082,10000,0.000518275343133495,0.792536104194615,True
36,41,16.822442460258628,100,0.008670948786926994,0.3320523930620524,False
36,42,23.22358643192848,100,0.008858269669414704,1.7180915629808144,True
36,43,25.139833479772786,100,0.005790383385345261,0.71428937261925,False
36,44,19.240570889348728,100,0.020377724693106756,0.63908792391209,True
36,45,22.6809201022202,100,0.008459579431278556,2.403460029597596,False
36,46,41.48076066519163,10000,0.011385121415442968,0.8443925589598185,True
36,47,47.40671477607866,100,0.00014298370709509136,0.29791020022182574,True
36,48,36.180900996114545,100,0.002397076304982691,2.0187405327676218,True
36,49,15.65218876301914,10000,0.00520278931558436,0.18532032120778896,True
37,38,43.399273399996375,100,0.0025781400225812767,0.7847956275601018,True
37,39,28.182516277396495,100,0.011026301015082052,0.14309332406422443,True
37,40,41.773597282698844,10000,0.0048534602614303335,0.4261152885537697,True
37,41,40.18009216679268,100,0.007212720543378205,1.5928014146636722,True
37,42,36.74705111029026,100,0.0025409641129510393,0.702193826450164,False
37,43,5.408916572804735,1000,0.0020097012002970307,0.7192096336764197,True
37,44,8.582228464662753,1000,0.010623183340651541,2.0597954115648767,False
37,45,25.254943640826333,10000,0.012658984863540612,0.465284490417675,False
37,46,25.605513280718213,10000,0.008703987574246026,1.2664439441847914,False
37,47,31.98187670198243,1000,0.002845292386217832,0.42779040654551587,True
37,48,48.49799994032484,100,0.02198334904520005,0.1751079725090871,False
37,49,17.004742863076576,100,0.0005303940438718155,0.050550930812237604,True
38,39,20.90629364273243,100,0.0004909977340242498,2.966568258238612,True
38,40,5.30584468637503,10000,0.005295216724374391,0.5882697799283968,True
38,41,49.25033457864019,10000,0.0114344892650929,1.2587271462934224,True
38,42,8.986025283648983,10000,7.79695959765469e-05,0.6774549705447722,True
38,43,17.522044736844634,1000,0.01842770745761794,0.030824021993599404,True
38,44,25.71480727892443,10000,0.027778151560431907,1.1305518697312635,False
38,45,8.101754516059188,100,0.004274382809073824,0.9682022408988973,True
38,46,10.653957158554128,10000,0.012565445128310478,0.3162767009675766,True
38,47,37.50851230085951,100,0.002452012078556946,0.4567776864231982,True
38,48,48.940543824593455,10000,0.005418791787916864,0.5876987819758815,True
38,49,37.2472834532014,10000,0.0031032932910236228,0.7050695709406195,True
39,40,43.62453224954861,1000,0.00012676408513202976,1.0341880095825837,False
39,41,15.45818207964859,100,0.012092040152918222,0.009876161699253505,True
39,42,19.82206711859341,10000,0.020116548286415563,0.5873178810571452,False
39,43,43.799514049487215,1000,0.041293313582484795,2.4051017308937044,True
39,44,7.365847901495142,100,0.010856503987174065,0.9407932524898305,True
39,45,12.036296374019377,1000,0.008399516810523486,0.3211228610370189,True
39,46,20.0199468681409,10000,0.012809118009301733,0.19135022369308202,True
39,47,37.15068577486018,10000,0.000525208964727254,0.2650840837639221,True
39,48,18.960587768511715,100,0.0013308964527019946,1.0569214235860571,False
39,49,25.07766970157134,10000,0.0035375767661375806,0.6071082747211829,False
40,41,18.685573226061628,1000,0.014955614060910038,1.650037682215909,True
40,42,10.128464920365852,100,0.017977260081696058,0.8612189130065928,True
40,43,25.626356574183777,10000,0.002900940002136068,1.7358313436035884,False
40,44,43.97826689910633,10000,0.0034623689281470223,0.788398852541655,False
40,45,36.12395308879932,1000,0.002488811825883538,0.10894097215900266,True
40,46,26.984410989811572,1000,0.007511773521072406,0.629723648305585,False
40,47,34.23002030406328,100,0.0013821226815457965,1.355954336864925,True
40,48,19.20845311178167,100,0.0005056617681195949,0.29770441744109666,False
40,49,16.702161811359524,1000,0.0048889527798844515,1.7211654586825902,True
41,42,25.426676138980817,10000,0.008490339440041185,2.6933804544353372,True
41,43,12.677050607973996,10000,0.0606285884170148,0.30591594300613956,False
41,44,46.88025150030792,100,0.06319917318516555,0.07791834615400842,False
41,45,23.355317181719606,1000,0.0371325080373753,0.06750479090661371,True
41,46,34.08394701458216,100,0.007220138655777958,0.7747718110934598,False
41,47,39.55443636351701,10000,0.005782673075469968,0.04076780149507192,True
41,48,42.187564022024986,100,0.006149714248845542,0.05667780187349985,True
41,49,26.106122287304757,100,0.029352054699996976,0.321818289573821,True
42,43,46.91655466685063,10000,0.0359605365418128,0.4463807037756296,True
42,44,20.987778840661516,100,0.013844782680999179,1.2024215335539343,True
42,45,7.569245205857467,100,0.001338185551045303,1.0656901347996492,False
42,46,31.89570509855566,10000,0.022148686572717232,0.5960890027945429,True
42,47,8.463613235360782,1000,0.013349416003562155,0.6952298217215003,True
42,48,11.175221597759197,100,0.020965508154354603,0.2786298084551103,True
42,49,13.662191778612218,100,0.0029337713992546085,0.99709250100214,False
43,44,37.43263004120055,1000,0.009307795155069899,0.9993467396066118,True
43,45,31.21401998483312,1000,0.014132403630308566,0.8733152423216204,False
43,46,13.470448989607052,1000,0.0051274073891523055,2.952597423225527,True
43,47,10.619153460766519,1000,0.0005024610075075023,0.850433416712856,True
43,48,19.703250075588514,100,0.003341566642859336,5.254291787179787,True
43,49,24.83325684879186,100,0.009825638577462423,0.8693021873988661,True
44,45,35.38538769029169,10000,0.011693045335731738,0.3337929493771778,True
44,46,18.761608007764877,100,0.019561632821147052,3.2896358960708025,True
44,47,13.284559551243063,1000,0.003983464550476752,0.9219474569614465,True
44,48,39.96021866921927,1000,0.012149570028020225,1.7985318673707038,False
44,49,38.63842865359272,10000,0.030018914772904613,0.35658707608217355,False
45,46,24.439521715854838,100,0.00033994906828486743,0.8670074603329945,False
45,47,37.04990923297214,10000,0.0024555392291765446,0.9708169583494234,False
45,48,26.760856356674037,10000,0.02540130355152286,3.7332922294268718,False
45,49,14.364771556836775,10000,0.010382546945654538,0.26511092308046225,False
46,47,35.75432368207717,10000,0.01787929291827957,0.6800467677424465,True
46,48,46.76064065282215,100,0.04140773745591833,0.34566288093877773,False
46,49,20.954669397287333,10000,0.01789966660916123,0.612129439264756,False
47,48,44.54359356546184,100,0.0010922917109409775,1.0687507237191176,True
47,49,12.593724727920328,1000,0.011519343656919421,0.2110024669892007,True
48,49,26.107688497555355,10000,0.003620250103771713,0.09763202338712916,False
